{
    "zzzzzzzzzz/closet":{
        "category": "neutral",
        "sounds":["zzzzzzzzzz/closet"]
    },
    "zzzzzzzzzz/closet_shkaf":{
        "category": "neutral",
        "sounds":["zzzzzzzzzz/closet_shkaf"]
    },
    "zzzzzzzzzz/start/call":{
        "category": "neutral",
        "sounds":["zzzzzzzzzz/start/call"]
    },
    "zzzzzzzzzz/start/car_go":{
        "category": "neutral",
        "sounds":["zzzzzzzzzz/start/car_go"]
    },
    "zzzzzzzzzz/start/car_gowing":{
        "category": "neutral",
        "sounds":["zzzzzzzzzz/start/car_gowing"]
    },
    "zzzzzzzzzz/start/avarua":{
        "category": "neutral",
        "sounds":["zzzzzzzzzz/start/avarua"]
    },
    "zzzzzzzzzz/start/signalka":{
        "category": "neutral",
        "sounds":["zzzzzzzzzz/start/signalka"]
    },
    "zzzzzzzzzz/start/les":{
        "category": "neutral",
        "sounds":["zzzzzzzzzz/start/les"]
    },
    "zzzzzzzzzz/start/run_grass":{
        "category": "neutral",
        "sounds":["zzzzzzzzzz/start/run_grass"]
    },
    "zzzzzzzzzz/start/see_logo":{
        "category": "neutral",
        "sounds":["zzzzzzzzzz/start/see_logo"]
    },
    "game/respawn":{
        "category": "neutral",
        "sounds":["game/respawn"]
    },
    "zzzzzzzzzz/car_alarm":{
        "category": "neutral",
        "sounds":["zzzzzzzzzz/car_alarm"]
    },
    "game/door_close":{
        "category": "neutral",
        "sounds":["game/door_close"]
    },
    "music/youhave2m":{
        "category": "neutral",
        "sounds":["music/youhave2m"]
    },
    "game/magic_sound":{
        "category": "neutral",
        "sounds":["game/magic_sound"]
    },
    "game/skrimer":{
        "category": "neutral",
        "sounds":["game/skrimer"]
    },
    "music/player_run_for_kids":{
        "category": "neutral",
        "sounds":["music/player_run_for_kids"]
    },
    "music/sound_skeleton":{
        "category": "neutral",
        "sounds":["music/sound_skeleton"]
    },
    "music/edit_game":{
        "category": "neutral",
        "sounds":["music/edit_game"]
    },
    "voice/anim3/4":{
        "category": "neutral",
        "sounds":["voice/anim3/4"]
    },
    "voice/anim2/4secret":{
        "category": "neutral",
        "sounds":["voice/anim2/4secret"]
    },




    



    "voice/anim1/1":{
        "category": "neutral",
        "sounds":["voice/anim1/1"]
    },
    "voice/anim1/2":{
        "category": "neutral",
        "sounds":["voice/anim1/2"]
    },
    "voice/anim1/3":{
        "category": "neutral",
        "sounds":["voice/anim1/3"]
    },
    "voice/anim1/4":{
        "category": "neutral",
        "sounds":["voice/anim1/4"]
    },
    "voice/anim1/5":{
        "category": "neutral",
        "sounds":["voice/anim1/5"]
    },
    "voice/anim1/6":{
        "category": "neutral",
        "sounds":["voice/anim1/6"]
    },
    "voice/anim1/7":{
        "category": "neutral",
        "sounds":["voice/anim1/7"]
    },
    "voice/anim1/8":{
        "category": "neutral",
        "sounds":["voice/anim1/8"]
    },
    "voice/anim1/9":{
        "category": "neutral",
        "sounds":["voice/anim1/9"]
    },


    "voice/anim1/root/1":{
        "category": "neutral",
        "sounds":["voice/anim1/root/1"]
    },
    "voice/anim1/root/2":{
        "category": "neutral",
        "sounds":["voice/anim1/root/2"]
    },
    "voice/anim1/root/3":{
        "category": "neutral",
        "sounds":["voice/anim1/root/3"]
    },
    "voice/anim1/root/4":{
        "category": "neutral",
        "sounds":["voice/anim1/root/4"]
    },
    "voice/anim1/root/alisa1":{
        "category": "neutral",
        "sounds":["voice/anim1/root/alisa1"]
    },
    "voice/anim1/root/alisa2":{
        "category": "neutral",
        "sounds":["voice/anim1/root/alisa2"]
    },
    "voice/anim1/root/alisa3":{
        "category": "neutral",
        "sounds":["voice/anim1/root/alisa3"]
    },



    "voice/trup/1":{
        "category": "neutral",
        "sounds":["voice/trup/1"]
    },
    "voice/trup/alisa1":{
        "category": "neutral",
        "sounds":["voice/trup/alisa1"]
    },



    "voice/anim2/1":{
        "category": "neutral",
        "sounds":["voice/anim2/1"]
    },
    "voice/anim2/2":{
        "category": "neutral",
        "sounds":["voice/anim2/2"]
    },
    "voice/anim2/3":{
        "category": "neutral",
        "sounds":["voice/anim2/3"]
    },
    "voice/anim2/4":{
        "category": "neutral",
        "sounds":["voice/anim2/4"]
    },
    "voice/anim2/5":{
        "category": "neutral",
        "sounds":["voice/anim2/5"]
    },
    "voice/anim2/alisa1":{
        "category": "neutral",
        "sounds":["voice/anim2/alisa1"]
    },
    "voice/anim2/alisa2":{
        "category": "neutral",
        "sounds":["voice/anim2/alisa2"]
    },
    "voice/anim2/alisa3":{
        "category": "neutral",
        "sounds":["voice/anim2/alisa3"]
    },



    "voice/anim3/1":{
        "category": "neutral",
        "sounds":["voice/anim3/1"]
    },
    "voice/anim3/2":{
        "category": "neutral",
        "sounds":["voice/anim3/2"]
    },
    "voice/anim3/3":{
        "category": "neutral",
        "sounds":["voice/anim3/3"]
    },
    "voice/anim3/alisa1":{
        "category": "neutral",
        "sounds":["voice/anim3/alisa1"]
    },
    "voice/anim3/alisa2":{
        "category": "neutral",
        "sounds":["voice/anim3/alisa2"]
    },
    "voice/anim3/alisa3":{
        "category": "neutral",
        "sounds":["voice/anim3/alisa3"]
    },
    "voice/anim3/alisa4":{
        "category": "neutral",
        "sounds":["voice/anim3/alisa4"]
    },
    "voice/anim3/boom":{
        "category": "neutral",
        "sounds":["voice/anim3/boom"]
    },

    
    "voice/anim5/alisa1":{
        "category": "neutral",
        "sounds":["voice/anim5/alisa1"]
    },
    "voice/anim5/alisa2":{
        "category": "neutral",
        "sounds":["voice/anim5/alisa2"]
    },
    "voice/anim5/1":{
        "category": "neutral",
        "sounds":["voice/anim5/1"]
    },
    "voice/anim5/2":{
        "category": "neutral",
        "sounds":["voice/anim5/2"]
    },
    "voice/anim5/3":{
        "category": "neutral",
        "sounds":["voice/anim5/3"]
    },
    "voice/anim5/4":{
        "category": "neutral",
        "sounds":["voice/anim5/4"]
    }
    
}