{
    "providers": [
        {
            "type": "bitmap",
            "file": "font/icon/yes.png",
            "ascent": 8,
            "height": 8,
            "chars": ["\u0001"]
        },
        {
            "type": "bitmap",
            "file": "font/icon/no.png",
            "ascent": 8,
            "height": 8,
            "chars": ["\u0002"]
        },
        {
            "type": "bitmap",
            "file": "font/icon/warning.png",
            "ascent": 8,
            "height": 8,
            "chars": ["\u0003"]
        },
        {
            "type": "bitmap",
            "file": "font/icon/question.png",
            "ascent": 8,
            "height": 8,
            "chars": ["\u0004"]
        },
        {
            "type": "bitmap",
            "file": "font/icon/click.png",
            "ascent": 8,
            "height": 8,
            "chars": ["\u0005"]
        },
        {
            "type": "bitmap",
            "file": "font/icon/online.png",
            "ascent": 12,
            "height": 12,
            "chars": ["\u0006"]
        },
        {
            "type": "bitmap",
            "file": "font/icon/noonline.png",
            "ascent": 12,
            "height": 12,
            "chars": ["\u0007"]
        },
        {
            "type": "bitmap",
            "file": "font/icon/man.png",
            "ascent": 12,
            "height": 12,
            "chars": ["\u0008"]
        },
        {
            "type": "bitmap",
            "file": "font/icon/alisa.png",
            "ascent": 12,
            "height": 12,
            "chars": ["\u0009"]
        },
        {
            "type": "bitmap",
            "file": "font/dead.png",
            "ascent": 0,
            "height": 0,
            "chars": ["\u0010"]
        },
        {
            "type": "bitmap",
            "file": "font/night_eays.png",
            "ascent": 0,
            "height": 0,
            "chars": ["\u0011"]
        },
        {
            "type": "bitmap",
            "file": "font/1.png",
            "ascent": 0,
            "height": 0,
            "chars": ["\u0012"]
        },
        {
            "type": "bitmap",
            "file": "font/2.png",
            "ascent": 0,
            "height": 0,
            "chars": ["\u0013"]
        },
        {
            "type": "bitmap",
            "file": "font/3.png",
            "ascent": 0,
            "height": 0,
            "chars": ["\u0014"]
        },
        {
            "type": "bitmap",
            "file": "font/4.png",
            "ascent": 0,
            "height": 0,
            "chars": ["\u0015"]
        },
        {
            "type": "bitmap",
            "file": "font/night_eays.png",
            "ascent": 100,
            "height": 100,
            "chars": ["\u0016"]
        }
    ]
}
