{
	"credit": "Made with Blockbench",
	"textures": {
		"0": "block/custom/artifakt1",
		"particle": "block/custom/artifakt1"
	},
	"elements": [
		{
			"from": [7, 0, 6],
			"to": [10, 1, 9],
			"faces": {
				"north": {"uv": [2, 11, 5, 12], "texture": "#0"},
				"east": {"uv": [11, 9, 14, 10], "texture": "#0"},
				"south": {"uv": [11, 10, 14, 11], "texture": "#0"},
				"west": {"uv": [11, 11, 14, 12], "texture": "#0"},
				"up": {"uv": [9, 3, 6, 0], "texture": "#0"},
				"down": {"uv": [9, 3, 6, 6], "texture": "#0"}
			}
		},
		{
			"from": [7, 3, 6],
			"to": [10, 8, 9],
			"faces": {
				"north": {"uv": [0, 0, 3, 5], "texture": "#0"},
				"east": {"uv": [3, 0, 6, 5], "texture": "#0"},
				"south": {"uv": [0, 5, 3, 10], "texture": "#0"},
				"west": {"uv": [3, 5, 6, 10], "texture": "#0"},
				"up": {"uv": [9, 9, 6, 6], "texture": "#0"},
				"down": {"uv": [12, 0, 9, 3], "texture": "#0"}
			}
		},
		{
			"from": [8, 1, 7],
			"to": [9, 3, 8],
			"faces": {
				"north": {"uv": [12, 0, 13, 2], "texture": "#0"},
				"east": {"uv": [2, 12, 3, 14], "texture": "#0"},
				"south": {"uv": [3, 12, 4, 14], "texture": "#0"},
				"west": {"uv": [4, 12, 5, 14], "texture": "#0"},
				"up": {"uv": [13, 13, 12, 12], "texture": "#0"},
				"down": {"uv": [14, 0, 13, 1], "texture": "#0"}
			}
		},
		{
			"from": [11, 3.5, 7],
			"to": [12, 7.5, 8],
			"faces": {
				"north": {"uv": [5, 10, 6, 14], "texture": "#0"},
				"east": {"uv": [6, 10, 7, 14], "texture": "#0"},
				"south": {"uv": [7, 10, 8, 14], "texture": "#0"},
				"west": {"uv": [8, 10, 9, 14], "texture": "#0"},
				"up": {"uv": [14, 2, 13, 1], "texture": "#0"},
				"down": {"uv": [14, 2, 13, 3], "texture": "#0"}
			}
		},
		{
			"from": [5, 3.5, 7],
			"to": [6, 7.5, 8],
			"faces": {
				"north": {"uv": [9, 10, 10, 14], "texture": "#0"},
				"east": {"uv": [10, 10, 11, 14], "texture": "#0"},
				"south": {"uv": [0, 11, 1, 15], "texture": "#0"},
				"west": {"uv": [1, 11, 2, 15], "texture": "#0"},
				"up": {"uv": [12, 14, 11, 13], "texture": "#0"},
				"down": {"uv": [13, 13, 12, 14], "texture": "#0"}
			}
		},
		{
			"from": [6, 6.5, 7],
			"to": [11, 7.5, 8],
			"faces": {
				"north": {"uv": [9, 3, 14, 4], "texture": "#0"},
				"east": {"uv": [12, 2, 13, 3], "texture": "#0"},
				"south": {"uv": [9, 4, 14, 5], "texture": "#0"},
				"west": {"uv": [11, 12, 12, 13], "texture": "#0"},
				"up": {"uv": [14, 6, 9, 5], "texture": "#0"},
				"down": {"uv": [11, 9, 6, 10], "texture": "#0"}
			}
		},
		{
			"from": [6, 3.5, 7],
			"to": [11, 4.5, 8],
			"faces": {
				"north": {"uv": [9, 6, 14, 7], "texture": "#0"},
				"east": {"uv": [13, 12, 14, 13], "texture": "#0"},
				"south": {"uv": [9, 7, 14, 8], "texture": "#0"},
				"west": {"uv": [13, 13, 14, 14], "texture": "#0"},
				"up": {"uv": [14, 9, 9, 8], "texture": "#0"},
				"down": {"uv": [5, 10, 0, 11], "texture": "#0"}
			}
		}
	],
	"display": {
		"thirdperson_righthand": {
			"scale": [0, 0, 0]
		},
		"thirdperson_lefthand": {
			"scale": [0, 0, 0]
		},
		"firstperson_righthand": {
			"rotation": [0, -7.5, 0],
			"translation": [0, 7, -1.25]
		},
		"firstperson_lefthand": {
			"scale": [0, 0, 0]
		},
		"ground": {
			"translation": [0, 4.5, 0]
		},
		"gui": {
			"rotation": [27.75, 29.75, 0],
			"translation": [0, 4.5, 0],
			"scale": [1.5, 1.5, 1.5]
		},
		"head": {
			"scale": [0, 0, 0]
		}
	}
}