{
	"credit": "Made with Blockbench",
	"texture_size": [32, 32],
	"textures": {
		"0": "block/custom/artifakt3",
		"particle": "block/custom/artifakt3"
	},
	"elements": [
		{
			"from": [3.2, 0, 3.2],
			"to": [3.8, 7.2, 10.4],
			"rotation": {"angle": 0, "axis": "y", "origin": [3.2, 0, 3.2]},
			"faces": {
				"north": {"uv": [6, 0, 6.5, 6], "texture": "#0"},
				"east": {"uv": [0, 0, 6, 6], "texture": "#0"},
				"south": {"uv": [6, 6, 6.5, 12], "texture": "#0"},
				"west": {"uv": [0, 6, 6, 12], "texture": "#0"},
				"up": {"uv": [7, 6, 6.5, 0], "texture": "#0"},
				"down": {"uv": [7, 6, 6.5, 12], "texture": "#0"}
			}
		},
		{
			"from": [3.8, 4.8, 9.8],
			"to": [5, 6, 10.4],
			"rotation": {"angle": 0, "axis": "y", "origin": [3.2, 0, 3.2]},
			"faces": {
				"north": {"uv": [7, 4, 8, 5], "texture": "#0"},
				"east": {"uv": [8, 6, 8.5, 7], "texture": "#0"},
				"south": {"uv": [7, 5, 8, 6], "texture": "#0"},
				"west": {"uv": [7, 8, 7.5, 9], "texture": "#0"},
				"up": {"uv": [9, 7.5, 8, 7], "texture": "#0"},
				"down": {"uv": [8.5, 8, 7.5, 8.5], "texture": "#0"}
			}
		},
		{
			"from": [3.8, 1.2, 9.8],
			"to": [5, 2.4, 10.4],
			"rotation": {"angle": 0, "axis": "y", "origin": [3.2, 0, 3.2]},
			"faces": {
				"north": {"uv": [7, 6, 8, 7], "texture": "#0"},
				"east": {"uv": [8.5, 0, 9, 1], "texture": "#0"},
				"south": {"uv": [7, 7, 8, 8], "texture": "#0"},
				"west": {"uv": [8.5, 1, 9, 2], "texture": "#0"},
				"up": {"uv": [9, 8, 8, 7.5], "texture": "#0"},
				"down": {"uv": [9.5, 3, 8.5, 3.5], "texture": "#0"}
			}
		},
		{
			"from": [3.8, 4.8, 3.2],
			"to": [5, 6, 3.8],
			"rotation": {"angle": 0, "axis": "y", "origin": [3.2, 0, 3.2]},
			"faces": {
				"north": {"uv": [7, 2, 8, 3], "texture": "#0"},
				"east": {"uv": [8, 3, 8.5, 4], "texture": "#0"},
				"south": {"uv": [7, 3, 8, 4], "texture": "#0"},
				"west": {"uv": [8, 4, 8.5, 5], "texture": "#0"},
				"up": {"uv": [9, 5.5, 8, 5], "texture": "#0"},
				"down": {"uv": [9, 5.5, 8, 6], "texture": "#0"}
			}
		},
		{
			"from": [3.8, 1.2, 3.2],
			"to": [5, 2.4, 3.8],
			"rotation": {"angle": 0, "axis": "y", "origin": [3.2, 0, 3.2]},
			"faces": {
				"north": {"uv": [7, 0, 8, 1], "texture": "#0"},
				"east": {"uv": [8, 0, 8.5, 1], "texture": "#0"},
				"south": {"uv": [7, 1, 8, 2], "texture": "#0"},
				"west": {"uv": [8, 1, 8.5, 2], "texture": "#0"},
				"up": {"uv": [9, 2.5, 8, 2], "texture": "#0"},
				"down": {"uv": [9, 2.5, 8, 3], "texture": "#0"}
			}
		}
	],
	"display": {
		"thirdperson_righthand": {
			"scale": [0, 0, 0]
		},
		"thirdperson_lefthand": {
			"scale": [0, 0, 0]
		},
		"firstperson_righthand": {
			"rotation": [15.01, 31.72, -27.02],
			"translation": [1, 3.5, 0],
			"scale": [0.5, 0.5, 0.5]
		},
		"firstperson_lefthand": {
			"scale": [0, 0, 0]
		},
		"gui": {
			"rotation": [17.75, 51.71, -5.69],
			"translation": [4, 4.25, 0]
		},
		"head": {
			"rotation": [0, -90, 0],
			"translation": [-2.25, 2, 3.25],
			"scale": [1.3, 1.3, 1.3]
		}
	}
}