{
	"credit": "Made with Blockbench",
	"texture_size": [32, 32],
	"textures": {
		"0": "block/custom/artifakt2",
		"particle": "block/custom/artifakt2"
	},
	"elements": [
		{
			"from": [6, 0, 7.5],
			"to": [10, 1, 8.5],
			"rotation": {"angle": 0, "axis": "y", "origin": [4, 0, 4]},
			"faces": {
				"north": {"uv": [0, 8, 4, 9], "texture": "#0"},
				"east": {"uv": [9, 9, 10, 10], "texture": "#0"},
				"south": {"uv": [8, 0, 12, 1], "texture": "#0"},
				"west": {"uv": [10, 6, 11, 7], "texture": "#0"},
				"up": {"uv": [12, 2, 8, 1], "texture": "#0"},
				"down": {"uv": [12, 2, 8, 3], "texture": "#0"}
			}
		},
		{
			"from": [6, 1, 7.5],
			"to": [7, 3, 8.5],
			"rotation": {"angle": 0, "axis": "y", "origin": [4, 0, 4]},
			"faces": {
				"north": {"uv": [8, 6, 9, 8], "texture": "#0"},
				"east": {"uv": [8, 8, 9, 10], "texture": "#0"},
				"south": {"uv": [0, 9, 1, 11], "texture": "#0"},
				"west": {"uv": [1, 9, 2, 11], "texture": "#0"},
				"up": {"uv": [11, 8, 10, 7], "texture": "#0"},
				"down": {"uv": [9, 10, 8, 11], "texture": "#0"}
			}
		},
		{
			"from": [9, 1, 7.5],
			"to": [10, 3, 8.5],
			"rotation": {"angle": 0, "axis": "y", "origin": [4, 0, 4]},
			"faces": {
				"north": {"uv": [2, 9, 3, 11], "texture": "#0"},
				"east": {"uv": [3, 9, 4, 11], "texture": "#0"},
				"south": {"uv": [4, 9, 5, 11], "texture": "#0"},
				"west": {"uv": [5, 9, 6, 11], "texture": "#0"},
				"up": {"uv": [11, 9, 10, 8], "texture": "#0"},
				"down": {"uv": [10, 10, 9, 11], "texture": "#0"}
			}
		},
		{
			"from": [7.5, 4, 7.5],
			"to": [8.5, 5.5, 8.5],
			"rotation": {"angle": 0, "axis": "y", "origin": [4, 0, 4]},
			"faces": {
				"north": {"uv": [6, 9, 7, 10.5], "texture": "#0"},
				"east": {"uv": [9, 6, 10, 7.5], "texture": "#0"},
				"south": {"uv": [7, 9, 8, 10.5], "texture": "#0"},
				"west": {"uv": [9, 7.5, 10, 9], "texture": "#0"},
				"up": {"uv": [11, 10, 10, 9], "texture": "#0"},
				"down": {"uv": [11, 10, 10, 11], "texture": "#0"}
			}
		},
		{
			"from": [7, 5.5, 7],
			"to": [9, 8.5, 9],
			"rotation": {"angle": 0, "axis": "y", "origin": [4, 0, 4]},
			"faces": {
				"north": {"uv": [4, 0, 6, 3], "texture": "#0"},
				"east": {"uv": [4, 3, 6, 6], "texture": "#0"},
				"south": {"uv": [6, 0, 8, 3], "texture": "#0"},
				"west": {"uv": [6, 3, 8, 6], "texture": "#0"},
				"up": {"uv": [6, 8, 4, 6], "texture": "#0"},
				"down": {"uv": [8, 6, 6, 8], "texture": "#0"}
			}
		},
		{
			"from": [6, 3, 6],
			"to": [10, 4, 10],
			"rotation": {"angle": 0, "axis": "y", "origin": [4, 0, 4]},
			"faces": {
				"north": {"uv": [8, 3, 12, 4], "texture": "#0"},
				"east": {"uv": [4, 8, 8, 9], "texture": "#0"},
				"south": {"uv": [8, 4, 12, 5], "texture": "#0"},
				"west": {"uv": [8, 5, 12, 6], "texture": "#0"},
				"up": {"uv": [4, 4, 0, 0], "texture": "#0"},
				"down": {"uv": [4, 4, 0, 8], "texture": "#0"}
			}
		}
	],
	"display": {
		"thirdperson_righthand": {
			"translation": [0, 3.5, 1.5],
			"scale": [0, 0, 0]
		},
		"thirdperson_lefthand": {
			"translation": [0, 5.5, 2.25],
			"scale": [0, 0, 0]
		},
		"firstperson_righthand": {
			"rotation": [-11.5, 69.5, 0],
			"translation": [0, 6.75, -0.75]
		},
		"firstperson_lefthand": {
			"scale": [0, 0, 0]
		},
		"ground": {
			"translation": [0, 5, 0]
		},
		"gui": {
			"rotation": [25, 37.25, 0],
			"translation": [0, 4, 0],
			"scale": [1.3, 1.3, 1.3]
		},
		"head": {
			"scale": [0, 0, 0]
		},
		"fixed": {
			"scale": [0, 0, 0]
		}
	}
}