{
	"credit": "Made with Blockbench",
	"texture_size": [64, 64],
	"textures": {
		"1": "block/custom/artifakt4"
	},
	"elements": [
		{
			"from": [3, 1, 3],
			"to": [13, 2, 13],
			"faces": {
				"north": {"uv": [6, 0, 8.5, 0.25], "texture": "#1"},
				"east": {"uv": [6, 0.25, 8.5, 0.5], "texture": "#1"},
				"south": {"uv": [6, 0.5, 8.5, 0.75], "texture": "#1"},
				"west": {"uv": [6, 0.75, 8.5, 1], "texture": "#1"},
				"up": {"uv": [6, 2.5, 3.5, 0], "texture": "#1"},
				"down": {"uv": [6, 2.5, 3.5, 5], "texture": "#1"}
			}
		},
		{
			"from": [1, 0, 1],
			"to": [15, 1, 15],
			"faces": {
				"north": {"uv": [3.5, 5, 7, 5.25], "texture": "#1"},
				"east": {"uv": [3.5, 5.25, 7, 5.5], "texture": "#1"},
				"south": {"uv": [3.5, 5.5, 7, 5.75], "texture": "#1"},
				"west": {"uv": [3.5, 5.75, 7, 6], "texture": "#1"},
				"up": {"uv": [3.5, 3.5, 0, 0], "texture": "#1"},
				"down": {"uv": [3.5, 3.5, 0, 7], "texture": "#1"}
			}
		}
	],
	"display": {
		"thirdperson_righthand": {
			"scale": [0, 0, 0]
		},
		"thirdperson_lefthand": {
			"scale": [0, 0, 0]
		},
		"firstperson_righthand": {
			"rotation": [-0.7, 55.12, 59.69],
			"translation": [-0.5, 3.5, 0],
			"scale": [0.5, 0.5, 0.5]
		},
		"firstperson_lefthand": {
			"scale": [0, 0, 0]
		},
		"gui": {
			"rotation": [45.25, 37.25, 0],
			"translation": [-0.25, 2.5, 0],
			"scale": [0.6, 0.6, 0.6]
		},
		"head": {
			"rotation": [0, -90, 0],
			"translation": [-2.25, 2, 3.25],
			"scale": [1.3, 1.3, 1.3]
		}
	}
}