{
	"credit": "Made with Blockbench",
	"texture_size": [32, 32],
	"textures": {
		"0": "block/custom/arifakt5",
		"particle": "block/custom/arifakt5"
	},
	"elements": [
		{
			"from": [7, 0, 7],
			"to": [9, 10, 9],
			"faces": {
				"north": {"uv": [1.5, 3.5, 2.5, 8.5], "texture": "#0"},
				"east": {"uv": [2.5, 3.5, 3.5, 8.5], "texture": "#0"},
				"south": {"uv": [3.5, 3.5, 4.5, 8.5], "texture": "#0"},
				"west": {"uv": [4.5, 0, 5.5, 5], "texture": "#0"},
				"up": {"uv": [9.5, 3.5, 8.5, 2.5], "texture": "#0"},
				"down": {"uv": [4, 8.5, 3, 9.5], "texture": "#0"}
			}
		},
		{
			"from": [6, 0, 7],
			"to": [7, 6, 9],
			"faces": {
				"north": {"uv": [8, 2, 8.5, 5], "texture": "#0"},
				"east": {"uv": [5.5, 3, 6.5, 6], "texture": "#0"},
				"south": {"uv": [4.5, 8, 5, 11], "texture": "#0"},
				"west": {"uv": [5.5, 6, 6.5, 9], "texture": "#0"},
				"up": {"uv": [10, 6.5, 9.5, 5.5], "texture": "#0"},
				"down": {"uv": [10, 6.5, 9.5, 7.5], "texture": "#0"}
			}
		},
		{
			"from": [6, 0, 9],
			"to": [7, 3, 10],
			"faces": {
				"north": {"uv": [6, 9, 6.5, 10.5], "texture": "#0"},
				"east": {"uv": [9, 7.5, 9.5, 9], "texture": "#0"},
				"south": {"uv": [9, 9, 9.5, 10.5], "texture": "#0"},
				"west": {"uv": [9.5, 0, 10, 1.5], "texture": "#0"},
				"up": {"uv": [10.5, 0.5, 10, 0], "texture": "#0"},
				"down": {"uv": [10.5, 0.5, 10, 1], "texture": "#0"}
			}
		},
		{
			"from": [8, 0, 10],
			"to": [9, 3, 11],
			"faces": {
				"north": {"uv": [9.5, 1.5, 10, 3], "texture": "#0"},
				"east": {"uv": [3, 9.5, 3.5, 11], "texture": "#0"},
				"south": {"uv": [9.5, 3, 10, 4.5], "texture": "#0"},
				"west": {"uv": [3.5, 9.5, 4, 11], "texture": "#0"},
				"up": {"uv": [10.5, 2, 10, 1.5], "texture": "#0"},
				"down": {"uv": [10.5, 2, 10, 2.5], "texture": "#0"}
			}
		},
		{
			"from": [9, 0, 10],
			"to": [10, 4, 11],
			"faces": {
				"north": {"uv": [0, 9, 0.5, 11], "texture": "#0"},
				"east": {"uv": [9, 0, 9.5, 2], "texture": "#0"},
				"south": {"uv": [0.5, 9, 1, 11], "texture": "#0"},
				"west": {"uv": [9, 3.5, 9.5, 5.5], "texture": "#0"},
				"up": {"uv": [10.5, 3, 10, 2.5], "texture": "#0"},
				"down": {"uv": [10.5, 3, 10, 3.5], "texture": "#0"}
			}
		},
		{
			"from": [10, 0, 6],
			"to": [11, 4, 8],
			"faces": {
				"north": {"uv": [5.5, 9, 6, 11], "texture": "#0"},
				"east": {"uv": [0, 7, 1, 9], "texture": "#0"},
				"south": {"uv": [9, 5.5, 9.5, 7.5], "texture": "#0"},
				"west": {"uv": [7.5, 0, 8.5, 2], "texture": "#0"},
				"up": {"uv": [10, 8.5, 9.5, 7.5], "texture": "#0"},
				"down": {"uv": [9, 9.5, 8.5, 10.5], "texture": "#0"}
			}
		},
		{
			"from": [7, 0, 5],
			"to": [9, 5, 6],
			"faces": {
				"north": {"uv": [6.5, 0, 7.5, 2.5], "texture": "#0"},
				"east": {"uv": [2, 8.5, 2.5, 11], "texture": "#0"},
				"south": {"uv": [6.5, 2.5, 7.5, 5], "texture": "#0"},
				"west": {"uv": [2.5, 8.5, 3, 11], "texture": "#0"},
				"up": {"uv": [10.5, 9, 9.5, 8.5], "texture": "#0"},
				"down": {"uv": [10.5, 9, 9.5, 9.5], "texture": "#0"}
			}
		},
		{
			"from": [10, 0, 8],
			"to": [11, 5, 9],
			"faces": {
				"north": {"uv": [7.5, 8, 8, 10.5], "texture": "#0"},
				"east": {"uv": [8, 7.5, 8.5, 10], "texture": "#0"},
				"south": {"uv": [8.5, 0, 9, 2.5], "texture": "#0"},
				"west": {"uv": [1.5, 8.5, 2, 11], "texture": "#0"},
				"up": {"uv": [10.5, 4, 10, 3.5], "texture": "#0"},
				"down": {"uv": [10.5, 4, 10, 4.5], "texture": "#0"}
			}
		},
		{
			"from": [6, 0, 6],
			"to": [7, 4, 7],
			"faces": {
				"north": {"uv": [8.5, 3.5, 9, 5.5], "texture": "#0"},
				"east": {"uv": [4, 8.5, 4.5, 10.5], "texture": "#0"},
				"south": {"uv": [8.5, 5.5, 9, 7.5], "texture": "#0"},
				"west": {"uv": [8.5, 7.5, 9, 9.5], "texture": "#0"},
				"up": {"uv": [1.5, 10.5, 1, 10], "texture": "#0"},
				"down": {"uv": [10.5, 1, 10, 1.5], "texture": "#0"}
			}
		},
		{
			"from": [7, 0, 6],
			"to": [10, 7, 9],
			"faces": {
				"north": {"uv": [0, 0, 1.5, 3.5], "texture": "#0"},
				"east": {"uv": [1.5, 0, 3, 3.5], "texture": "#0"},
				"south": {"uv": [3, 0, 4.5, 3.5], "texture": "#0"},
				"west": {"uv": [0, 3.5, 1.5, 7], "texture": "#0"},
				"up": {"uv": [8, 6.5, 6.5, 5], "texture": "#0"},
				"down": {"uv": [8, 6.5, 6.5, 8], "texture": "#0"}
			}
		},
		{
			"from": [8, 0, 9],
			"to": [10, 6, 10],
			"faces": {
				"north": {"uv": [4.5, 5, 5.5, 8], "texture": "#0"},
				"east": {"uv": [1, 7, 1.5, 10], "texture": "#0"},
				"south": {"uv": [5.5, 0, 6.5, 3], "texture": "#0"},
				"west": {"uv": [7.5, 2, 8, 5], "texture": "#0"},
				"up": {"uv": [10.5, 5, 9.5, 4.5], "texture": "#0"},
				"down": {"uv": [10.5, 5, 9.5, 5.5], "texture": "#0"}
			}
		},
		{
			"from": [7, 0, 9],
			"to": [8, 5, 10],
			"faces": {
				"north": {"uv": [5, 8, 5.5, 10.5], "texture": "#0"},
				"east": {"uv": [8, 5, 8.5, 7.5], "texture": "#0"},
				"south": {"uv": [6.5, 8, 7, 10.5], "texture": "#0"},
				"west": {"uv": [7, 8, 7.5, 10.5], "texture": "#0"},
				"up": {"uv": [9.5, 2.5, 9, 2], "texture": "#0"},
				"down": {"uv": [10, 9.5, 9.5, 10], "texture": "#0"}
			}
		}
	],
	"display": {
		"thirdperson_righthand": {
			"scale": [0, 0, 0]
		},
		"thirdperson_lefthand": {
			"scale": [0, 0, 0]
		},
		"firstperson_righthand": {
			"rotation": [6.7, 73.61, -12.59],
			"translation": [-0.5, 4.75, 0],
			"scale": [0.5, 0.5, 0.5]
		},
		"firstperson_lefthand": {
			"scale": [0, 0, 0]
		},
		"gui": {
			"rotation": [45.25, 37.25, 0],
			"translation": [-0.25, 1.5, 0],
			"scale": [0.9, 0.9, 0.9]
		},
		"head": {
			"rotation": [0, -90, 0],
			"translation": [-2.25, 2, 3.25],
			"scale": [1.3, 1.3, 1.3]
		}
	}
}