{
	"credit": "Made with Blockbench",
	"texture_size": [1000, 320],
	"textures": {
		"0": "block/custom/beta_1.52.11.02"
	},
	"elements": [
		{
			"from": [30.8144, 0, 15.625],
			"to": [31.7552, 7.056, 15.625],
			"rotation": {"angle": 0, "axis": "y", "origin": [8, 0, 8]},
			"faces": {
				"north": {"uv": [4.064, 6.2, 4.192, 9.2], "texture": "#0"},
				"south": {"uv": [4.192, 6.2, 4.064, 9.2], "texture": "#0"}
			}
		},
		{
			"from": [27.0512, 0, 15.625],
			"to": [30.8144, 7.056, 15.625],
			"rotation": {"angle": 0, "axis": "y", "origin": [8, 0, 8]},
			"faces": {
				"north": {"uv": [1.088, 0, 1.6, 3], "texture": "#0"},
				"south": {"uv": [1.6, 0, 1.088, 3], "texture": "#0"}
			}
		},
		{
			"from": [23.288, 0, 15.625],
			"to": [27.0512, 7.056, 15.625],
			"rotation": {"angle": 0, "axis": "y", "origin": [8, 0, 8]},
			"faces": {
				"north": {"uv": [2.72, 0, 3.232, 3], "texture": "#0"},
				"south": {"uv": [3.232, 0, 2.72, 3], "texture": "#0"}
			}
		},
		{
			"from": [19.5248, 0, 15.625],
			"to": [23.288, 7.056, 15.625],
			"rotation": {"angle": 0, "axis": "y", "origin": [8, 0, 8]},
			"faces": {
				"north": {"uv": [10.88, 0, 11.392, 3], "texture": "#0"},
				"south": {"uv": [11.392, 0, 10.88, 3], "texture": "#0"}
			}
		},
		{
			"from": [15.7616, 0, 15.625],
			"to": [19.5248, 7.056, 15.625],
			"rotation": {"angle": 0, "axis": "y", "origin": [8, 0, 8]},
			"faces": {
				"north": {"uv": [0.544, 0, 1.056, 3], "texture": "#0"},
				"south": {"uv": [1.056, 0, 0.544, 3], "texture": "#0"}
			}
		},
		{
			"from": [14.3504, 0, 15.625],
			"to": [15.7616, 7.056, 15.625],
			"rotation": {"angle": 0, "axis": "y", "origin": [8, 0, 8]},
			"faces": {
				"north": {"uv": [3.84, 6.2, 4.032, 9.2], "texture": "#0"},
				"south": {"uv": [4.032, 6.2, 3.84, 9.2], "texture": "#0"}
			}
		},
		{
			"from": [11.528, 0, 15.625],
			"to": [14.3504, 7.056, 15.625],
			"rotation": {"angle": 0, "axis": "y", "origin": [8, 0, 8]},
			"faces": {
				"north": {"uv": [0.544, 3.1, 0.928, 6.1], "texture": "#0"},
				"south": {"uv": [0.928, 3.1, 0.544, 6.1], "texture": "#0"}
			}
		},
		{
			"from": [9.6464, 0, 15.625],
			"to": [11.528, 7.056, 15.625],
			"rotation": {"angle": 0, "axis": "y", "origin": [8, 0, 8]},
			"faces": {
				"north": {"uv": [11.776, 3.1, 12.032, 6.1], "texture": "#0"},
				"south": {"uv": [12.032, 3.1, 11.776, 6.1], "texture": "#0"}
			}
		},
		{
			"from": [5.8832, 0, 15.625],
			"to": [9.6464, 7.056, 15.625],
			"rotation": {"angle": 0, "axis": "y", "origin": [8, 0, 8]},
			"faces": {
				"north": {"uv": [2.72, 3.1, 3.232, 6.1], "texture": "#0"},
				"south": {"uv": [3.232, 3.1, 2.72, 6.1], "texture": "#0"}
			}
		},
		{
			"from": [2.12, 0, 15.625],
			"to": [5.8832, 7.056, 15.625],
			"rotation": {"angle": 0, "axis": "y", "origin": [8, 0, 8]},
			"faces": {
				"north": {"uv": [0.96, 3.1, 1.472, 6.1], "texture": "#0"},
				"south": {"uv": [1.472, 3.1, 0.96, 6.1], "texture": "#0"}
			}
		},
		{
			"from": [0.2384, 0, 15.625],
			"to": [2.12, 7.056, 15.625],
			"rotation": {"angle": 0, "axis": "y", "origin": [8, 0, 8]},
			"faces": {
				"north": {"uv": [11.776, 3.1, 12.032, 6.1], "texture": "#0"},
				"south": {"uv": [12.032, 3.1, 11.776, 6.1], "texture": "#0"}
			}
		},
		{
			"from": [-2.584, 0, 15.625],
			"to": [0.2384, 7.056, 15.625],
			"rotation": {"angle": 0, "axis": "y", "origin": [8, 0, 8]},
			"faces": {
				"north": {"uv": [0.544, 3.1, 0.928, 6.1], "texture": "#0"},
				"south": {"uv": [0.928, 3.1, 0.544, 6.1], "texture": "#0"}
			}
		},
		{
			"from": [-5.4064, 0, 15.625],
			"to": [-2.584, 7.056, 15.625],
			"rotation": {"angle": 0, "axis": "y", "origin": [8, 0, 8]},
			"faces": {
				"north": {"uv": [0.544, 3.1, 0.928, 6.1], "texture": "#0"},
				"south": {"uv": [0.928, 3.1, 0.544, 6.1], "texture": "#0"}
			}
		},
		{
			"from": [-7.288, 0, 15.625],
			"to": [-5.4064, 7.056, 15.625],
			"rotation": {"angle": 0, "axis": "y", "origin": [8, 0, 8]},
			"faces": {
				"north": {"uv": [11.776, 3.1, 12.032, 6.1], "texture": "#0"},
				"south": {"uv": [12.032, 3.1, 11.776, 6.1], "texture": "#0"}
			}
		},
		{
			"from": [-11.0512, 0, 15.625],
			"to": [-7.288, 7.056, 15.625],
			"rotation": {"angle": 0, "axis": "y", "origin": [8, 0, 8]},
			"faces": {
				"north": {"uv": [0, 3.1, 0.512, 6.1], "texture": "#0"},
				"south": {"uv": [0.512, 3.1, 0, 6.1], "texture": "#0"}
			}
		},
		{
			"from": [-14.8144, 0, 15.625],
			"to": [-11.0512, 7.056, 15.625],
			"rotation": {"angle": 0, "axis": "y", "origin": [8, 0, 8]},
			"faces": {
				"north": {"uv": [0.96, 3.1, 1.472, 6.1], "texture": "#0"},
				"south": {"uv": [1.472, 3.1, 0.96, 6.1], "texture": "#0"}
			}
		},
		{
			"from": [-15.7552, 0, 15.625],
			"to": [-14.8144, 7.056, 15.625],
			"rotation": {"angle": 0, "axis": "y", "origin": [8, 0, 8]},
			"faces": {
				"north": {"uv": [4.224, 6.2, 4.352, 9.2], "texture": "#0"},
				"south": {"uv": [4.352, 6.2, 4.224, 9.2], "texture": "#0"}
			}
		}
	],
	"groups": [
		{
			"name": "beta_1521102",
			"origin": [8, 0, 8],
			"color": 0,
			"nbt": "{}",
			"children": [
				{
					"name": "open_terminator",
					"origin": [8, 0, 8],
					"color": 0,
					"nbt": "{}",
					"children": [0]
				},
				{
					"name": "b",
					"origin": [8, 0, 8],
					"color": 0,
					"nbt": "{}",
					"children": [1]
				},
				{
					"name": "e",
					"origin": [8, 0, 8],
					"color": 0,
					"nbt": "{}",
					"children": [2]
				},
				{
					"name": "t",
					"origin": [8, 0, 8],
					"color": 0,
					"nbt": "{}",
					"children": [3]
				},
				{
					"name": "a",
					"origin": [8, 0, 8],
					"color": 0,
					"nbt": "{}",
					"children": [4]
				},
				{
					"name": "space",
					"origin": [8, 0, 8],
					"color": 0,
					"nbt": "{}",
					"children": [5]
				},
				{
					"name": "3",
					"origin": [8, 0, 8],
					"color": 0,
					"nbt": "{}",
					"children": [6]
				},
				{
					"name": "2",
					"origin": [8, 0, 8],
					"color": 0,
					"nbt": "{}",
					"children": [7]
				},
				{
					"name": "5",
					"origin": [8, 0, 8],
					"color": 0,
					"nbt": "{}",
					"children": [8]
				},
				{
					"name": "4",
					"origin": [8, 0, 8],
					"color": 0,
					"nbt": "{}",
					"children": [9]
				},
				{
					"name": "3",
					"origin": [8, 0, 8],
					"color": 0,
					"nbt": "{}",
					"children": [10]
				},
				{
					"name": "6",
					"origin": [8, 0, 8],
					"color": 0,
					"nbt": "{}",
					"children": [11]
				},
				{
					"name": "1",
					"origin": [8, 0, 8],
					"color": 0,
					"nbt": "{}",
					"children": [12]
				},
				{
					"name": "",
					"origin": [8, 0, 8],
					"color": 0,
					"nbt": "{}",
					"children": [13]
				},
				{
					"name": "0",
					"origin": [8, 0, 8],
					"color": 0,
					"nbt": "{}",
					"children": [14]
				},
				{
					"name": "2",
					"origin": [8, 0, 8],
					"color": 0,
					"nbt": "{}",
					"children": [15]
				},
				{
					"name": "close_terminator",
					"origin": [8, 0, 8],
					"color": 0,
					"nbt": "{}",
					"children": [16]
				}
			]
		}
	]
}