{
	"credit": "Made with Blockbench",
	"textures": {
		"0": "block/custom/boosty",
		"particle": "block/custom/boosty"
	},
	"elements": [
		{
			"from": [1, 1, 0],
			"to": [15, 15, 2],
			"faces": {
				"north": {"uv": [1, 1, 15, 15], "texture": "#0"},
				"east": {"uv": [2, 1.5, 2.28571, 2.25], "texture": "#0"},
				"south": {"uv": [1, 1, 15, 15], "texture": "#0"},
				"west": {"uv": [2, 2.25, 2.28571, 3], "texture": "#0"},
				"up": {"uv": [2, 3, 1, 2.5], "texture": "#0"},
				"down": {"uv": [3, 1, 2, 1.5], "texture": "#0"}
			}
		},
		{
			"from": [0, 2, 0],
			"to": [1, 14, 2],
			"faces": {
				"north": {"uv": [0, 2, 0.5, 14], "texture": "#0"},
				"east": {"uv": [0, 2, 1, 14], "texture": "#0"},
				"south": {"uv": [0, 2, 0.5, 14], "texture": "#0"},
				"west": {"uv": [0, 2, 1, 14], "texture": "#0"},
				"up": {"uv": [0, 2, 0.5, 4], "texture": "#0"},
				"down": {"uv": [0, 2, 0.5, 4], "texture": "#0"}
			}
		},
		{
			"from": [15, 2, 0],
			"to": [16, 14, 2],
			"faces": {
				"north": {"uv": [0, 2, 0.5, 14], "texture": "#0"},
				"east": {"uv": [0, 2, 1, 14], "texture": "#0"},
				"south": {"uv": [0, 2, 0.5, 14], "texture": "#0"},
				"west": {"uv": [0, 2, 1, 14], "texture": "#0"},
				"up": {"uv": [0, 2, 0.5, 4], "texture": "#0"},
				"down": {"uv": [0, 2, 0.5, 4], "texture": "#0"}
			}
		},
		{
			"from": [2, 15, 0],
			"to": [14, 16, 2],
			"faces": {
				"north": {"uv": [0, 2, 0.5, 14], "texture": "#0"},
				"east": {"uv": [0, 2, 1, 14], "texture": "#0"},
				"south": {"uv": [0, 2, 0.5, 14], "texture": "#0"},
				"west": {"uv": [0, 2, 1, 14], "texture": "#0"},
				"up": {"uv": [0, 2, 0.5, 4], "texture": "#0"},
				"down": {"uv": [0, 2, 0.5, 4], "texture": "#0"}
			}
		},
		{
			"from": [2, 0, 0],
			"to": [14, 1, 2],
			"faces": {
				"north": {"uv": [0, 2, 0.5, 14], "texture": "#0"},
				"east": {"uv": [0, 2, 1, 14], "texture": "#0"},
				"south": {"uv": [0, 2, 0.5, 14], "texture": "#0"},
				"west": {"uv": [0, 2, 1, 14], "texture": "#0"},
				"up": {"uv": [0, 2, 0.5, 4], "texture": "#0"},
				"down": {"uv": [0, 2, 0.5, 4], "texture": "#0"}
			}
		}
	]
}