{
	"credit": "Made with Blockbench",
	"texture_size": [32, 32],
	"textures": {
		"0": "block/custom/cart_detector",
		"particle": "block/custom/cart_detector"
	},
	"elements": [
		{
			"from": [0, 0, 0],
			"to": [16, 16, 16],
			"faces": {
				"north": {"uv": [0, 0, 8, 8], "texture": "#0"},
				"east": {"uv": [0, 8, 8, 16], "texture": "#0"},
				"south": {"uv": [16, 0, 8.5, 8], "texture": "#0"},
				"west": {"uv": [8, 16, 0, 8], "texture": "#0"},
				"up": {"uv": [16, 0, 8.5, 8], "texture": "#0"},
				"down": {"uv": [16, 0, 8.5, 8], "texture": "#0"}
			}
		}
	],
	"display": {}
}