{
	"credit": "Made with Blockbench",
	"texture_size": [32, 32],
	"textures": {
		"0": "block/custom/cart_black",
		"particle": "block/custom/cart_black"
	},
	"elements": [
		{
			"from": [3, 0, 0],
			"to": [13, 1, 16],
			"faces": {
				"north": {"uv": [0, 8.5, 5, 9], "texture": "#0"},
				"east": {"uv": [0, 8, 8, 8.5], "texture": "#0"},
				"south": {"uv": [5, 8.5, 10, 9], "texture": "#0"},
				"west": {"uv": [8, 8, 16, 8.5], "texture": "#0"},
				"up": {"uv": [5, 8, 0, 0], "texture": "#0"},
				"down": {"uv": [5, 8, 0, 0], "texture": "#0"}
			}
		}
	],
	"display": {
		"thirdperson_righthand": {
			"scale": [0, 0, 0]
		},
		"thirdperson_lefthand": {
			"scale": [0, 0, 0]
		},
		"firstperson_righthand": {
			"rotation": [45.5, 0, 0],
			"translation": [0, 6.5, 0],
			"scale": [0.8, 0.8, 0.8]
		},
		"firstperson_lefthand": {
			"scale": [0, 0, 0]
		},
		"gui": {
			"rotation": [41.66, -39.2, -14.15],
			"translation": [1, 3.5, 0],
			"scale": [0.8, 0.8, 0.8]
		}
	}
}