{
	"credit": "Made with Blockbench",
	"textures": {
		"0": "block/custom/discord",
		"particle": "block/custom/discord"
	},
	"elements": [
		{
			"from": [0, 1, 1],
			"to": [2, 15, 15],
			"faces": {
				"north": {"uv": [0, 2, 1, 3], "texture": "#0"},
				"east": {"uv": [1, 1, 15, 15], "texture": "#0"},
				"south": {"uv": [0, 2, 1, 3], "texture": "#0"},
				"west": {"uv": [1, 1, 15, 15], "texture": "#0"},
				"up": {"uv": [0, 2, 1, 3], "texture": "#0"},
				"down": {"uv": [0, 2, 1, 3], "texture": "#0"}
			}
		},
		{
			"from": [0, 2, 0],
			"to": [2, 14, 1],
			"faces": {
				"north": {"uv": [0, 2, 1, 13], "texture": "#0"},
				"east": {"uv": [0, 2, 0.5, 13], "texture": "#0"},
				"south": {"uv": [0, 2, 1, 13], "texture": "#0"},
				"west": {"uv": [0, 2, 0.5, 13], "texture": "#0"},
				"up": {"uv": [0, 2, 1, 3], "texture": "#0"},
				"down": {"uv": [0, 2, 1, 3], "texture": "#0"}
			}
		},
		{
			"from": [0, 2, 15],
			"to": [2, 14, 16],
			"faces": {
				"north": {"uv": [0, 2, 1, 13], "texture": "#0"},
				"east": {"uv": [0, 2, 0.5, 13], "texture": "#0"},
				"south": {"uv": [0, 2, 1, 13], "texture": "#0"},
				"west": {"uv": [0, 2, 0.5, 13], "texture": "#0"},
				"up": {"uv": [0, 2, 1, 3], "texture": "#0"},
				"down": {"uv": [0, 2, 1, 3], "texture": "#0"}
			}
		},
		{
			"from": [0, 15, 2],
			"to": [2, 16, 14],
			"faces": {
				"north": {"uv": [0, 2, 1, 13], "texture": "#0"},
				"east": {"uv": [0, 2, 0.5, 13], "texture": "#0"},
				"south": {"uv": [0, 2, 1, 13], "texture": "#0"},
				"west": {"uv": [0, 2, 0.5, 13], "texture": "#0"},
				"up": {"uv": [0, 2, 1, 3], "texture": "#0"},
				"down": {"uv": [0, 2, 1, 3], "texture": "#0"}
			}
		},
		{
			"from": [0, 0, 2],
			"to": [2, 1, 14],
			"faces": {
				"north": {"uv": [0, 2, 1, 13], "texture": "#0"},
				"east": {"uv": [0, 2, 0.5, 13], "texture": "#0"},
				"south": {"uv": [0, 2, 1, 13], "texture": "#0"},
				"west": {"uv": [0, 2, 0.5, 13], "texture": "#0"},
				"up": {"uv": [0, 2, 1, 3], "texture": "#0"},
				"down": {"uv": [0, 2, 1, 3], "texture": "#0"}
			}
		}
	]
}