{
	"credit": "Made with Blockbench",
	"texture_size": [64, 64],
	"textures": {
		"0": "block/custom/tumba",
		"particle": "block/custom/tumba"
	},
	"elements": [
		{
			"from": [10, 11.55616, 15.80082],
			"to": [14, 14.55616, 15.80082],
			"rotation": {"angle": -22.5, "axis": "x", "origin": [7, 16, 10.7723]},
			"faces": {
				"north": {"uv": [4.25, 7.25, 5.25, 8], "texture": "#0"},
				"east": {"uv": [0, 0, 0, 0.5], "texture": "#0"},
				"south": {"uv": [4.25, 7.25, 5.25, 8], "texture": "#0"},
				"west": {"uv": [0, 0, 0, 0.5], "texture": "#0"},
				"up": {"uv": [0, 0, 1.25, 0], "texture": "#0"},
				"down": {"uv": [0, 0, 1.25, 0], "texture": "#0"}
			}
		},
		{
			"from": [0, 0, 14],
			"to": [16, 16, 16],
			"rotation": {"angle": 0, "axis": "y", "origin": [7, 16, 10.7723]},
			"faces": {
				"north": {"uv": [0, 0, 4, 4], "texture": "#0"},
				"east": {"uv": [0, 1, 0.5, 4.5], "texture": "#0"},
				"south": {"uv": [0, 4.5, 4, 8.5], "texture": "#0"},
				"west": {"uv": [0, 4.5, 0.5, 8], "texture": "#0"},
				"down": {"uv": [0, 0, 4, 0.25], "texture": "#0"}
			}
		},
		{
			"from": [0, 16, 14],
			"to": [16, 32, 16],
			"rotation": {"angle": 0, "axis": "y", "origin": [7, 16, 10.7723]},
			"faces": {
				"north": {"uv": [0, 4.5, 4, 8.5], "texture": "#0"},
				"east": {"uv": [0, 4, 0.5, 8.25], "texture": "#0"},
				"south": {"uv": [0, 4.25, 4, 8.25], "texture": "#0"},
				"west": {"uv": [0, 4, 0.5, 8.25], "texture": "#0"},
				"up": {"uv": [0, 1, 4, 1.5], "texture": "#0"},
				"down": {"uv": [0, 0, 0, 0], "texture": "#0"}
			}
		}
	],
	"groups": [
		{
			"name": "group",
			"origin": [16, 0, 30],
			"color": 0,
			"nbt": "{}",
			"children": [0, 1, 2]
		}
	]
}