{
	"credit": "Made with Blockbench",
	"texture_size": [64, 64],
	"textures": {
		"0": "block/custom/lamp",
		"particle": "block/custom/lamp"
	},
	"elements": [
		{
			"from": [8, 15.5, 4.5],
			"to": [8, 22.5, 6.5],
			"rotation": {"angle": 45, "axis": "y", "origin": [8, 19.5, 5.5]},
			"faces": {
				"north": {"uv": [0, 0, 0, 1.5], "texture": "#0"},
				"east": {"uv": [0, 11.5, 0.5, 13], "texture": "#0"},
				"south": {"uv": [0, 0, 0, 1.5], "texture": "#0"},
				"west": {"uv": [0, 11.5, 0.5, 13.5], "texture": "#0"},
				"up": {"uv": [0, 0.5, 0, 0], "texture": "#0"},
				"down": {"uv": [0, 0, 0, 0.5], "texture": "#0"}
			}
		},
		{
			"from": [8, 15.5, 4.5],
			"to": [8, 22.5, 6.5],
			"rotation": {"angle": -45, "axis": "y", "origin": [8, 19.5, 5.5]},
			"faces": {
				"north": {"uv": [0, 0, 0, 1.5], "texture": "#0"},
				"east": {"uv": [0, 11.5, 0.5, 13], "texture": "#0"},
				"south": {"uv": [0, 0, 0, 1.5], "texture": "#0"},
				"west": {"uv": [0, 11.5, 0.5, 13.5], "texture": "#0"},
				"up": {"uv": [0, 0.5, 0, 0], "texture": "#0"},
				"down": {"uv": [0, 0, 0, 0.5], "texture": "#0"}
			}
		},
		{
			"from": [8, 15.5, 9.5],
			"to": [8, 22.5, 11.5],
			"rotation": {"angle": 45, "axis": "y", "origin": [8, 19.5, 10.5]},
			"faces": {
				"north": {"uv": [0, 0, 0, 1.5], "texture": "#0"},
				"east": {"uv": [0, 11.5, 0.5, 13], "texture": "#0"},
				"south": {"uv": [0, 0, 0, 1.5], "texture": "#0"},
				"west": {"uv": [0, 11.5, 0.5, 13.5], "texture": "#0"},
				"up": {"uv": [0, 0.5, 0, 0], "texture": "#0"},
				"down": {"uv": [0, 0, 0, 0.5], "texture": "#0"}
			}
		},
		{
			"from": [8, 15.5, 9.5],
			"to": [8, 22.5, 11.5],
			"rotation": {"angle": -45, "axis": "y", "origin": [8, 19.5, 10.5]},
			"faces": {
				"north": {"uv": [0, 0, 0, 1.5], "texture": "#0"},
				"east": {"uv": [0, 11.5, 0.5, 13], "texture": "#0"},
				"south": {"uv": [0, 0, 0, 1.5], "texture": "#0"},
				"west": {"uv": [0, 11.5, 0.5, 13.5], "texture": "#0"},
				"up": {"uv": [0, 0.5, 0, 0], "texture": "#0"},
				"down": {"uv": [0, 0, 0, 0.5], "texture": "#0"}
			}
		},
		{
			"from": [7, 21.5, 4],
			"to": [9, 23.5, 12],
			"faces": {
				"north": {"uv": [2, 12, 2.5, 12.5], "texture": "#0"},
				"east": {"uv": [10.5, 4.5, 12.5, 5], "texture": "#0"},
				"south": {"uv": [12, 2, 12.5, 2.5], "texture": "#0"},
				"west": {"uv": [10.5, 5, 12.5, 5.5], "texture": "#0"},
				"up": {"uv": [11, 12, 10.5, 10], "texture": "#0"},
				"down": {"uv": [11.5, 1.5, 11, 3.5], "texture": "#0"}
			}
		},
		{
			"from": [2, 0, 3],
			"to": [4, 3, 13],
			"faces": {
				"north": {"uv": [10.5, 5.5, 11, 6.25], "texture": "#0"},
				"east": {"uv": [6, 4.5, 8.5, 5.25], "texture": "#0"},
				"south": {"uv": [11, 5.5, 11.5, 6.25], "texture": "#0"},
				"west": {"uv": [6, 5.25, 8.5, 6], "texture": "#0"},
				"up": {"uv": [5.5, 11.5, 5, 9], "texture": "#0"},
				"down": {"uv": [6, 9, 5.5, 11.5], "texture": "#0"}
			}
		},
		{
			"from": [4, -1, 4],
			"to": [12, 2, 12],
			"faces": {
				"north": {"uv": [7.5, 7.5, 9.5, 8.25], "texture": "#0"},
				"east": {"uv": [0, 7.75, 2, 8.5], "texture": "#0"},
				"south": {"uv": [2, 8.25, 4, 9], "texture": "#0"},
				"west": {"uv": [4, 8.25, 6, 9], "texture": "#0"},
				"up": {"uv": [2, 2, 0, 0], "texture": "#0"},
				"down": {"uv": [2, 2, 0, 4], "texture": "#0"}
			}
		},
		{
			"from": [3, 0, 2],
			"to": [13, 3, 4],
			"faces": {
				"north": {"uv": [6, 6, 8.5, 6.75], "texture": "#0"},
				"east": {"uv": [11, 8, 11.5, 8.75], "texture": "#0"},
				"south": {"uv": [0, 6.25, 2.5, 7], "texture": "#0"},
				"west": {"uv": [0.5, 11.5, 1, 12.25], "texture": "#0"},
				"up": {"uv": [11.5, 9.5, 9, 9], "texture": "#0"},
				"down": {"uv": [12, 0, 9.5, 0.5], "texture": "#0"}
			}
		},
		{
			"from": [3, 0, 12],
			"to": [13, 3, 14],
			"faces": {
				"north": {"uv": [2.5, 6.75, 5, 7.5], "texture": "#0"},
				"east": {"uv": [1, 11.5, 1.5, 12.25], "texture": "#0"},
				"south": {"uv": [5, 6.75, 7.5, 7.5], "texture": "#0"},
				"west": {"uv": [1.5, 11.5, 2, 12.25], "texture": "#0"},
				"up": {"uv": [12, 1, 9.5, 0.5], "texture": "#0"},
				"down": {"uv": [12, 1, 9.5, 1.5], "texture": "#0"}
			}
		},
		{
			"from": [12, 0, 3],
			"to": [14, 3, 13],
			"faces": {
				"north": {"uv": [11.5, 1.5, 12, 2.25], "texture": "#0"},
				"east": {"uv": [0, 7, 2.5, 7.75], "texture": "#0"},
				"south": {"uv": [11.5, 2.25, 12, 3], "texture": "#0"},
				"west": {"uv": [7, 0, 9.5, 0.75], "texture": "#0"},
				"up": {"uv": [10, 4, 9.5, 1.5], "texture": "#0"},
				"down": {"uv": [9.5, 9.5, 9, 12], "texture": "#0"}
			}
		},
		{
			"from": [7, 2, 7],
			"to": [9, 8, 9],
			"faces": {
				"north": {"uv": [11, 10, 11.5, 11.5], "texture": "#0"},
				"east": {"uv": [6, 11.25, 6.5, 12.75], "texture": "#0"},
				"south": {"uv": [6.5, 11.25, 7, 12.75], "texture": "#0"},
				"west": {"uv": [7, 11.25, 7.5, 12.75], "texture": "#0"},
				"up": {"uv": [3.5, 4.5, 3, 4], "texture": "#0"},
				"down": {"uv": [4, 4, 3.5, 4.5], "texture": "#0"}
			}
		},
		{
			"from": [3, 2, 11],
			"to": [5, 14, 13],
			"faces": {
				"north": {"uv": [6, 8.25, 6.5, 11.25], "texture": "#0"},
				"east": {"uv": [6.5, 8.25, 7, 11.25], "texture": "#0"},
				"south": {"uv": [7, 8.25, 7.5, 11.25], "texture": "#0"},
				"west": {"uv": [7.5, 8.25, 8, 11.25], "texture": "#0"},
				"up": {"uv": [3, 6.75, 2.5, 6.25], "texture": "#0"},
				"down": {"uv": [2.5, 7.75, 2, 8.25], "texture": "#0"}
			}
		},
		{
			"from": [11, 2, 11],
			"to": [13, 14, 13],
			"faces": {
				"north": {"uv": [8, 8.25, 8.5, 11.25], "texture": "#0"},
				"east": {"uv": [0, 8.5, 0.5, 11.5], "texture": "#0"},
				"south": {"uv": [0.5, 8.5, 1, 11.5], "texture": "#0"},
				"west": {"uv": [1, 8.5, 1.5, 11.5], "texture": "#0"},
				"up": {"uv": [11, 6.75, 10.5, 6.25], "texture": "#0"},
				"down": {"uv": [11.5, 3.5, 11, 4], "texture": "#0"}
			}
		},
		{
			"from": [11, 2, 3],
			"to": [13, 14, 5],
			"faces": {
				"north": {"uv": [1.5, 8.5, 2, 11.5], "texture": "#0"},
				"east": {"uv": [8.5, 8.25, 9, 11.25], "texture": "#0"},
				"south": {"uv": [2, 9, 2.5, 12], "texture": "#0"},
				"west": {"uv": [2.5, 9, 3, 12], "texture": "#0"},
				"up": {"uv": [11.5, 6.75, 11, 6.25], "texture": "#0"},
				"down": {"uv": [12, 6.25, 11.5, 6.75], "texture": "#0"}
			}
		},
		{
			"from": [3, 2, 3],
			"to": [5, 14, 5],
			"faces": {
				"north": {"uv": [3, 9, 3.5, 12], "texture": "#0"},
				"east": {"uv": [3.5, 9, 4, 12], "texture": "#0"},
				"south": {"uv": [4, 9, 4.5, 12], "texture": "#0"},
				"west": {"uv": [4.5, 9, 5, 12], "texture": "#0"},
				"up": {"uv": [11.5, 12, 11, 11.5], "texture": "#0"},
				"down": {"uv": [12, 11.5, 11.5, 12], "texture": "#0"}
			}
		},
		{
			"from": [2, 12, 3],
			"to": [4, 15, 13],
			"faces": {
				"north": {"uv": [11.5, 3, 12, 3.75], "texture": "#0"},
				"east": {"uv": [7, 0.75, 9.5, 1.5], "texture": "#0"},
				"south": {"uv": [5, 11.5, 5.5, 12.25], "texture": "#0"},
				"west": {"uv": [7, 1.5, 9.5, 2.25], "texture": "#0"},
				"up": {"uv": [10, 12, 9.5, 9.5], "texture": "#0"},
				"down": {"uv": [10.5, 1.5, 10, 4], "texture": "#0"}
			}
		},
		{
			"from": [4, 13, 4],
			"to": [12, 16, 12],
			"faces": {
				"north": {"uv": [8.5, 4.5, 10.5, 5.25], "texture": "#0"},
				"east": {"uv": [8.5, 5.25, 10.5, 6], "texture": "#0"},
				"south": {"uv": [8.5, 6, 10.5, 6.75], "texture": "#0"},
				"west": {"uv": [9, 8.25, 11, 9], "texture": "#0"},
				"up": {"uv": [4, 2, 2, 0], "texture": "#0"},
				"down": {"uv": [4, 2, 2, 4], "texture": "#0"}
			}
		},
		{
			"from": [3, 12, 2],
			"to": [13, 15, 4],
			"faces": {
				"north": {"uv": [7, 2.25, 9.5, 3], "texture": "#0"},
				"east": {"uv": [5.5, 11.5, 6, 12.25], "texture": "#0"},
				"south": {"uv": [7, 3, 9.5, 3.75], "texture": "#0"},
				"west": {"uv": [11.5, 5.5, 12, 6.25], "texture": "#0"},
				"up": {"uv": [12, 4.5, 9.5, 4], "texture": "#0"},
				"down": {"uv": [12, 7.5, 9.5, 8], "texture": "#0"}
			}
		},
		{
			"from": [3, 12, 12],
			"to": [13, 15, 14],
			"faces": {
				"north": {"uv": [7, 3.75, 9.5, 4.5], "texture": "#0"},
				"east": {"uv": [11.5, 8, 12, 8.75], "texture": "#0"},
				"south": {"uv": [2.5, 7.5, 5, 8.25], "texture": "#0"},
				"west": {"uv": [11.5, 8.75, 12, 9.5], "texture": "#0"},
				"up": {"uv": [12.5, 7.25, 10, 6.75], "texture": "#0"},
				"down": {"uv": [12.5, 9.5, 10, 10], "texture": "#0"}
			}
		},
		{
			"from": [12, 12, 3],
			"to": [14, 15, 13],
			"faces": {
				"north": {"uv": [11.5, 10, 12, 10.75], "texture": "#0"},
				"east": {"uv": [5, 7.5, 7.5, 8.25], "texture": "#0"},
				"south": {"uv": [11.5, 10.75, 12, 11.5], "texture": "#0"},
				"west": {"uv": [7.5, 6.75, 10, 7.5], "texture": "#0"},
				"up": {"uv": [10.5, 12.5, 10, 10], "texture": "#0"},
				"down": {"uv": [11, 1.5, 10.5, 4], "texture": "#0"}
			}
		},
		{
			"from": [8.29289, 8, 6.89289],
			"to": [8.29289, 10, 8.89289],
			"rotation": {"angle": 45, "axis": "y", "origin": [8.29289, 9, 8.29289]},
			"faces": {
				"north": {"uv": [0, 0, 0, 0.5], "texture": "#0"},
				"east": {"uv": [12, 0, 12.5, 0.5], "texture": "#0"},
				"south": {"uv": [0, 0, 0, 0.5], "texture": "#0"},
				"west": {"uv": [12, 0.5, 12.5, 1], "texture": "#0"},
				"up": {"uv": [0, 0.5, 0, 0], "texture": "#0"},
				"down": {"uv": [0, 0, 0, 0.5], "texture": "#0"}
			}
		},
		{
			"from": [7.42426, 8, 6.77574],
			"to": [7.42426, 10, 8.77574],
			"rotation": {"angle": -45, "axis": "y", "origin": [7.42426, 9, 8.57574]},
			"faces": {
				"north": {"uv": [0, 0, 0, 0.5], "texture": "#0"},
				"east": {"uv": [12, 1, 12.5, 1.5], "texture": "#0"},
				"south": {"uv": [0, 0, 0, 0.5], "texture": "#0"},
				"west": {"uv": [12, 1.5, 12.5, 2], "texture": "#0"},
				"up": {"uv": [0, 0.5, 0, 0], "texture": "#0"},
				"down": {"uv": [0, 0, 0, 0.5], "texture": "#0"}
			}
		},
		{
			"from": [12, 3, 5],
			"to": [12, 12, 11],
			"faces": {
				"north": {"uv": [0, 0, 0, 2.25], "texture": "#0"},
				"east": {"uv": [1.5, 4, 3, 6.25], "texture": "#0"},
				"south": {"uv": [0, 0, 0, 2.25], "texture": "#0"},
				"west": {"uv": [4, 2.25, 5.5, 4.5], "texture": "#0"},
				"up": {"uv": [0, 1.5, 0, 0], "texture": "#0"},
				"down": {"uv": [0, 0, 0, 1.5], "texture": "#0"}
			}
		},
		{
			"from": [4, 3, 5],
			"to": [4, 12, 11],
			"faces": {
				"north": {"uv": [0, 0, 0, 2.25], "texture": "#0"},
				"east": {"uv": [0, 4, 1.5, 6.25], "texture": "#0"},
				"south": {"uv": [0, 0, 0, 2.25], "texture": "#0"},
				"west": {"uv": [4, 0, 5.5, 2.25], "texture": "#0"},
				"up": {"uv": [0, 1.5, 0, 0], "texture": "#0"},
				"down": {"uv": [0, 0, 0, 1.5], "texture": "#0"}
			}
		},
		{
			"from": [5, 3, 4],
			"to": [11, 12, 4],
			"faces": {
				"north": {"uv": [3, 4.5, 4.5, 6.75], "texture": "#0"},
				"east": {"uv": [0, 0, 0, 2.25], "texture": "#0"},
				"south": {"uv": [4.5, 4.5, 6, 6.75], "texture": "#0"},
				"west": {"uv": [0, 0, 0, 2.25], "texture": "#0"},
				"up": {"uv": [1.5, 0, 0, 0], "texture": "#0"},
				"down": {"uv": [1.5, 0, 0, 0], "texture": "#0"}
			}
		},
		{
			"from": [5, 3, 12],
			"to": [11, 12, 12],
			"faces": {
				"north": {"uv": [5.5, 0, 7, 2.25], "texture": "#0"},
				"east": {"uv": [0, 0, 0, 2.25], "texture": "#0"},
				"south": {"uv": [5.5, 2.25, 7, 4.5], "texture": "#0"},
				"west": {"uv": [0, 0, 0, 2.25], "texture": "#0"},
				"up": {"uv": [1.5, 0, 0, 0], "texture": "#0"},
				"down": {"uv": [1.5, 0, 0, 0], "texture": "#0"}
			}
		}
	],
	"display": {
		"thirdperson_righthand": {
			"scale": [0, 0, 0]
		},
		"thirdperson_lefthand": {
			"scale": [0, 0, 0]
		},
		"firstperson_righthand": {
			"scale": [0, 0, 0]
		},
		"firstperson_lefthand": {
			"scale": [0, 0, 0]
		},
		"ground": {
			"scale": [0.6, 0.6, 0.6]
		},
		"gui": {
			"rotation": [174.61, 23.41, -166.63],
			"translation": [0, -1.75, 0],
			"scale": [0.6, 0.6, 0.6]
		},
		"head": {
			"scale": [0, 0, 0]
		}
	},
	"groups": [
		{
			"name": "ruka",
			"origin": [0, 0, 0],
			"color": 0,
			"nbt": "{}",
			"children": [0, 1, 2, 3, 4]
		},
		{
			"name": "corpus",
			"origin": [0, 0, 0],
			"color": 0,
			"nbt": "{}",
			"children": [5, 6, 7, 8, 9, 10, 11, 12, 13, 14, 15, 16, 17, 18, 19, 20, 21, 22, 23, 24, 25]
		}
	]
}