{
	"credit": "Made with Blockbench",
	"textures": {
		"0": "block/custom/map",
		"particle": "block/custom/map"
	},
	"elements": [
		{
			"from": [-16, 0, 0],
			"to": [32, 31, 0],
			"faces": {
				"north": {"uv": [0, 0, 16, 16], "texture": "#0"},
				"east": {"uv": [0, 0, 0, 16], "texture": "#missing"},
				"south": {"uv": [0, 0, 16, 16], "texture": "#missing"},
				"west": {"uv": [0, 0, 0, 16], "texture": "#missing"},
				"up": {"uv": [0, 0, 16, 0], "texture": "#missing"},
				"down": {"uv": [0, 0, 16, 0], "texture": "#missing"}
			}
		}
	],
	"display": {
		"gui": {
			"rotation": [0, 180, 0],
			"translation": [0, 5.75, 0],
			"scale": [1.87305, 1.70117, 1]
		}
	}
}