{
	"credit": "Made with Blockbench",
	"texture_size": [64, 64],
	"textures": {
		"0": "block/custom/retual",
		"particle": "block/custom/retual"
	},
	"elements": [
		{
			"from": [-16, 0.125, -16],
			"to": [32, 0.125, 32],
			"faces": {
				"north": {"uv": [0, 0, 12, 0], "texture": "#0"},
				"east": {"uv": [0, 0, 12, 0], "texture": "#0"},
				"south": {"uv": [0, 0, 12, 0], "texture": "#0"},
				"west": {"uv": [0, 0, 12, 0], "texture": "#0"},
				"up": {"uv": [12, 12, 0, 0], "texture": "#0"},
				"down": {"uv": [12, 12, 0, 24], "texture": "#0"}
			}
		}
	]
}