{
	"credit": "Made with Blockbench",
	"texture_size": [64, 64],
	"textures": {
		"0": "block/custom/sofabed",
		"particle": "block/custom/sofabed"
	},
	"elements": [
		{
			"from": [3, 9.5, 25.6],
			"to": [12, 11.5, 31.1],
			"rotation": {"angle": -22.5, "axis": "x", "origin": [-16, 10, 27.25]},
			"faces": {
				"north": {"uv": [4, 5.25, 6.25, 5.75], "texture": "#0"},
				"east": {"uv": [4, 4.75, 5.25, 5.25], "texture": "#0"},
				"south": {"uv": [4, 5.25, 6.25, 5.75], "texture": "#0"},
				"west": {"uv": [4, 4.75, 5.25, 5.25], "texture": "#0"},
				"up": {"uv": [4, 5.25, 6.25, 6.5], "texture": "#0"},
				"down": {"uv": [4, 5.25, 6.25, 6.625], "texture": "#0"}
			}
		},
		{
			"from": [0, 3, 4],
			"to": [16, 9, 31],
			"rotation": {"angle": 0, "axis": "y", "origin": [-24, 0, 1]},
			"faces": {
				"north": {"uv": [8, 0, 12, 1.5], "texture": "#0"},
				"east": {"uv": [0, 6.75, 6.75, 8.25], "texture": "#0"},
				"south": {"uv": [8, 0, 12, 1.5], "texture": "#0"},
				"west": {"uv": [0, 6.75, 6.75, 8.25], "texture": "#0"},
				"up": {"uv": [4, 6.75, 0, 0], "texture": "#0"},
				"down": {"uv": [0, 6.75, 4, 0], "texture": "#0"}
			}
		},
		{
			"from": [13, 0, 30],
			"to": [15, 16, 32],
			"rotation": {"angle": 0, "axis": "y", "origin": [-24, 0, 1]},
			"faces": {
				"north": {"uv": [12, 5.5, 11.5, 1.5], "texture": "#0"},
				"east": {"uv": [11.75, 5.5, 11.25, 1.5], "texture": "#0"},
				"south": {"uv": [12, 5.5, 11.5, 1.5], "texture": "#0"},
				"west": {"uv": [11.75, 5.5, 11.25, 1.5], "texture": "#0"},
				"up": {"uv": [11.25, 3.5, 11.75, 4], "texture": "#0"},
				"down": {"uv": [11.25, 3.5, 11.75, 4], "texture": "#0"}
			}
		},
		{
			"from": [13, 0, 3],
			"to": [15, 8, 5],
			"rotation": {"angle": 0, "axis": "y", "origin": [-24, 0, 1]},
			"faces": {
				"north": {"uv": [12, 3.5, 11.5, 1.5], "texture": "#0"},
				"east": {"uv": [11.75, 3.5, 11.25, 1.5], "texture": "#0"},
				"south": {"uv": [12, 3.5, 11.5, 1.5], "texture": "#0"},
				"west": {"uv": [11.75, 3.5, 11.25, 1.5], "texture": "#0"},
				"up": {"uv": [11.25, 3.5, 11.75, 4], "texture": "#0"},
				"down": {"uv": [11.25, 3.5, 11.75, 4], "texture": "#0"}
			}
		},
		{
			"from": [1, 0, 30],
			"to": [3, 16, 32],
			"rotation": {"angle": 0, "axis": "y", "origin": [-24, 0, 1]},
			"faces": {
				"north": {"uv": [12, 5.5, 11.5, 1.5], "texture": "#0"},
				"east": {"uv": [11.75, 5.5, 11.25, 1.5], "texture": "#0"},
				"south": {"uv": [12, 5.5, 11.5, 1.5], "texture": "#0"},
				"west": {"uv": [11.75, 5.5, 11.25, 1.5], "texture": "#0"},
				"up": {"uv": [11.25, 3.5, 11.75, 4], "texture": "#0"},
				"down": {"uv": [11.25, 3.5, 11.75, 4], "texture": "#0"}
			}
		},
		{
			"from": [1, 0, 3],
			"to": [3, 8, 5],
			"rotation": {"angle": 0, "axis": "y", "origin": [-24, 0, 1]},
			"faces": {
				"north": {"uv": [12, 3.5, 11.5, 1.5], "texture": "#0"},
				"east": {"uv": [11.75, 3.5, 11.25, 1.5], "texture": "#0"},
				"south": {"uv": [12, 3.5, 11.5, 1.5], "texture": "#0"},
				"west": {"uv": [11.75, 3.5, 11.25, 1.5], "texture": "#0"},
				"up": {"uv": [11.25, 3.5, 11.75, 4], "texture": "#0"},
				"down": {"uv": [11.25, 3.5, 11.75, 4], "texture": "#0"}
			}
		},
		{
			"from": [0, 4, 31],
			"to": [16, 17, 31],
			"rotation": {"angle": 0, "axis": "y", "origin": [-24, 0, 1]},
			"faces": {
				"north": {"uv": [4, 0, 8, 3.25], "texture": "#0"},
				"east": {"uv": [0, 0, 0, 3.25], "texture": "#0"},
				"south": {"uv": [4, 0, 8, 3.25], "texture": "#0"},
				"west": {"uv": [0, 0, 0, 3.25], "texture": "#0"},
				"up": {"uv": [0, 0, 4, 0], "texture": "#0"},
				"down": {"uv": [0, 0, 4, 0], "texture": "#0"}
			}
		},
		{
			"from": [2, 10.5, 25.6],
			"to": [13, 10.5, 31.1],
			"rotation": {"angle": -22.5, "axis": "x", "origin": [-16, 10, 27.25]},
			"faces": {
				"up": {"uv": [6.25, 5.5, 9, 6.75], "texture": "#0"},
				"down": {"uv": [6.25, 5.5, 9, 6.75], "texture": "#0"}
			}
		}
	],
	"display": {
		"gui": {
			"rotation": [-162.3, 28.45, -178.58],
			"translation": [-2.25, -1.75, 0],
			"scale": [0.5, 0.5, 0.5]
		}
	},
	"groups": [
		{
			"name": "bed",
			"origin": [-32, 10, 26.25],
			"color": 0,
			"children": [0, 1, 2, 3, 4, 5, 6, 7]
		}
	]
}