{
	"credit": "Made by Falanta Fantomo with Blockbench",
	"texture_size": [64, 64],
	"textures": {
		"1": "block/custom/bedside_table"
	},
	"elements": [
		{
			"from": [6.5, 5, 2],
			"to": [9.5, 7, 2],
			"rotation": {"angle": 22.5, "axis": "x", "origin": [8, 7, 2]},
			"faces": {
				"north": {"uv": [15.25, 0.5, 16, 1], "rotation": 180, "texture": "#1"},
				"south": {"uv": [15.25, 1, 16, 0.5], "texture": "#1"}
			}
		},
		{
			"from": [1, 0, 2],
			"to": [15, 16, 14],
			"faces": {
				"north": {"uv": [0, 0, 3.5, 4], "texture": "#1"},
				"east": {"uv": [6.5, 0, 3.5, 4], "texture": "#1"},
				"south": {"uv": [6.5, 0, 10, 4], "texture": "#1"},
				"west": {"uv": [3.5, 0, 6.5, 4], "texture": "#1"},
				"up": {"uv": [0, 4, 3.5, 7], "texture": "#1"},
				"down": {"uv": [3.5, 4, 7, 7], "texture": "#1"}
			}
		},
		{
			"from": [3.5, 9, 2],
			"to": [6.5, 11, 2],
			"rotation": {"angle": 22.5, "axis": "x", "origin": [5, 11, 2]},
			"faces": {
				"north": {"uv": [15.25, 0, 16, 0.5], "rotation": 180, "texture": "#1"},
				"south": {"uv": [15.25, 0.5, 16, 0], "texture": "#1"}
			}
		},
		{
			"from": [9.5, 9, 2],
			"to": [12.5, 11, 2],
			"rotation": {"angle": 22.5, "axis": "x", "origin": [11, 11, 2]},
			"faces": {
				"north": {"uv": [14.5, 0, 15.25, 0.5], "rotation": 180, "texture": "#1"},
				"south": {"uv": [14.5, 0.5, 15.25, 0], "texture": "#1"}
			}
		},
		{
			"from": [6.5, 1, 2],
			"to": [9.5, 3, 2],
			"rotation": {"angle": 22.5, "axis": "x", "origin": [8, 3, 2]},
			"faces": {
				"north": {"uv": [14.5, 0.5, 15.25, 1], "rotation": 180, "texture": "#1"},
				"south": {"uv": [14.5, 1, 15.25, 0.5], "texture": "#1"}
			}
		}
	],
	"display": {
		"thirdperson_righthand": {
			"rotation": [75, 45, 0],
			"translation": [0, 2.5, 0],
			"scale": [0.375, 0.375, 0.375]
		},
		"thirdperson_lefthand": {
			"rotation": [75, 45, 0],
			"translation": [0, 2.5, 0],
			"scale": [0.375, 0.375, 0.375]
		},
		"firstperson_righthand": {
			"rotation": [0, 45, 0],
			"scale": [0.4, 0.4, 0.4]
		},
		"firstperson_lefthand": {
			"rotation": [0, 45, 0],
			"scale": [0.4, 0.4, 0.4]
		},
		"ground": {
			"translation": [0, 3, 0],
			"scale": [0.25, 0.25, 0.25]
		},
		"gui": {
			"rotation": [-161.26, 24.3, -177.97],
			"translation": [0, -0.25, 0],
			"scale": [0.7, 0.7, 0.7]
		},
		"fixed": {
			"rotation": [-90, 0, 0],
			"translation": [0, 0, -16],
			"scale": [2, 2, 2]
		}
	},
	"groups": [
		{
			"name": "bedside_table",
			"origin": [8, 3, 2],
			"color": 0,
			"children": [0, 1, 2, 3, 4]
		}
	]
}