{
	"credit": "Made with Blockbench",
	"texture_size": [64, 64],
	"textures": {
		"0": "block/custom/school",
		"particle": "block/custom/school"
	},
	"elements": [
		{
			"from": [-7, 0, 15.95],
			"to": [25, 16, 15.95],
			"rotation": {"angle": 0, "axis": "y", "origin": [-5, 12.75, 24]},
			"faces": {
				"north": {"uv": [0, 8, 8, 12], "texture": "#0"},
				"east": {"uv": [0, 0, 0, 8], "texture": "#0"},
				"south": {"uv": [8, 8, 0, 12], "texture": "#0"},
				"west": {"uv": [0, 0, 0, 8], "texture": "#0"},
				"up": {"uv": [0, 0, 16, 0], "texture": "#0"},
				"down": {"uv": [0, 0, 16, 0], "texture": "#0"}
			}
		},
		{
			"from": [-7, 16, 15.95],
			"to": [-2, 19, 15.95],
			"rotation": {"angle": 0, "axis": "y", "origin": [-15.5, 16, 24]},
			"faces": {
				"north": {"uv": [8, 8.25, 9.25, 9], "texture": "#0"},
				"east": {"uv": [0, 0, 0, 1.5], "texture": "#0"},
				"south": {"uv": [8, 8.25, 9.25, 9], "texture": "#0"},
				"west": {"uv": [0, 0, 0, 1.5], "texture": "#0"},
				"up": {"uv": [0, 0, 2.5, 0], "texture": "#0"},
				"down": {"uv": [0, 0, 2.5, 0], "texture": "#0"}
			}
		},
		{
			"from": [20, 16, 15.95],
			"to": [25, 19, 15.95],
			"rotation": {"angle": 0, "axis": "y", "origin": [5.5, 16, 24]},
			"faces": {
				"north": {"uv": [8, 8.25, 9.25, 9], "texture": "#0"},
				"east": {"uv": [0, 0, 0, 1.5], "texture": "#0"},
				"south": {"uv": [8, 8.25, 9.25, 9], "texture": "#0"},
				"west": {"uv": [0, 0, 0, 1.5], "texture": "#0"},
				"up": {"uv": [0, 0, 2.5, 0], "texture": "#0"},
				"down": {"uv": [0, 0, 2.5, 0], "texture": "#0"}
			}
		}
	],
	"display": {
		"gui": {
			"rotation": [-8.94, -40.73, -7.93],
			"translation": [2.25, -1.25, 0],
			"scale": [0.5, 0.5, 0.5]
		}
	},
	"groups": [
		{
			"name": "board",
			"origin": [-20, 0, 15],
			"color": 0,
			"children": [0, 1, 2]
		}
	]
}