{
	"credit": "Made with Blockbench",
	"texture_size": [64, 64],
	"textures": {
		"0": "block/custom/books2",
		"particle": "block/custom/books2"
	},
	"elements": [
		{
			"from": [4, 0, 5.9],
			"to": [14, 1, 12.9],
			"rotation": {"angle": 22.5, "axis": "y", "origin": [9, 2, 10.525]},
			"faces": {
				"north": {"uv": [5.5, 9.5, 8, 9.75], "texture": "#0"},
				"east": {"uv": [5.5, 9.75, 7.25, 10], "texture": "#0"},
				"south": {"uv": [8, 9.5, 10.5, 9.75], "texture": "#0"},
				"west": {"uv": [7.25, 9.75, 9, 10], "texture": "#0"},
				"up": {"uv": [2.5, 1.75, 0, 0], "texture": "#0"},
				"down": {"uv": [2.5, 1.75, 0, 3.5], "texture": "#0"}
			}
		},
		{
			"from": [4, 3, 5.9],
			"to": [14, 4, 12.9],
			"rotation": {"angle": 22.5, "axis": "y", "origin": [9, 2, 10.525]},
			"faces": {
				"north": {"uv": [9.5, 8.5, 12, 8.75], "texture": "#0"},
				"east": {"uv": [9, 9.75, 10.75, 10], "texture": "#0"},
				"south": {"uv": [9.5, 8.75, 12, 9], "texture": "#0"},
				"west": {"uv": [0, 10, 1.75, 10.25], "texture": "#0"},
				"up": {"uv": [5, 1.75, 2.5, 0], "texture": "#0"},
				"down": {"uv": [5, 1.75, 2.5, 3.5], "texture": "#0"}
			}
		},
		{
			"from": [4, 0, 12.9],
			"to": [14, 4, 13.9],
			"rotation": {"angle": 22.5, "axis": "y", "origin": [9, 2, 10.525]},
			"faces": {
				"north": {"uv": [7.5, 3, 10, 4], "texture": "#0"},
				"east": {"uv": [4.25, 10, 4.5, 11], "texture": "#0"},
				"south": {"uv": [7.5, 4, 10, 5], "texture": "#0"},
				"west": {"uv": [5.5, 10, 5.75, 11], "texture": "#0"},
				"up": {"uv": [12, 9.25, 9.5, 9], "texture": "#0"},
				"down": {"uv": [12, 9.25, 9.5, 9.5], "texture": "#0"}
			}
		},
		{
			"from": [4.5, 1, 6.9],
			"to": [13.5, 3, 12.9],
			"rotation": {"angle": 22.5, "axis": "y", "origin": [9, 2, 10.525]},
			"faces": {
				"north": {"uv": [5, 8.5, 7.25, 9], "texture": "#0"},
				"east": {"uv": [9, 8, 10.5, 8.5], "texture": "#0"},
				"south": {"uv": [7.25, 8.5, 9.5, 9], "texture": "#0"},
				"west": {"uv": [0, 9.5, 1.5, 10], "texture": "#0"},
				"up": {"uv": [2.25, 8.5, 0, 7], "texture": "#0"},
				"down": {"uv": [4.5, 7, 2.25, 8.5], "texture": "#0"}
			}
		},
		{
			"from": [3.9, 4, 6.1],
			"to": [13.9, 5, 13.1],
			"rotation": {"angle": 0, "axis": "y", "origin": [8.9, 6, 10.725]},
			"faces": {
				"north": {"uv": [9.75, 0, 12.25, 0.25], "texture": "#0"},
				"east": {"uv": [1.75, 10, 3.5, 10.25], "texture": "#0"},
				"south": {"uv": [9.75, 0.25, 12.25, 0.5], "texture": "#0"},
				"west": {"uv": [10, 3, 11.75, 3.25], "texture": "#0"},
				"up": {"uv": [2.5, 5.25, 0, 3.5], "texture": "#0"},
				"down": {"uv": [5, 3.5, 2.5, 5.25], "texture": "#0"}
			}
		},
		{
			"from": [3.9, 7, 6.1],
			"to": [13.9, 8, 13.1],
			"rotation": {"angle": 0, "axis": "y", "origin": [8.9, 6, 10.725]},
			"faces": {
				"north": {"uv": [9.75, 0.5, 12.25, 0.75], "texture": "#0"},
				"east": {"uv": [10, 3.25, 11.75, 3.5], "texture": "#0"},
				"south": {"uv": [9.75, 0.75, 12.25, 1], "texture": "#0"},
				"west": {"uv": [10, 3.5, 11.75, 3.75], "texture": "#0"},
				"up": {"uv": [7.5, 1.75, 5, 0], "texture": "#0"},
				"down": {"uv": [7.5, 1.75, 5, 3.5], "texture": "#0"}
			}
		},
		{
			"from": [4.4, 5, 7.1],
			"to": [13.4, 7, 13.1],
			"rotation": {"angle": 0, "axis": "y", "origin": [8.9, 6, 10.725]},
			"faces": {
				"north": {"uv": [5, 9, 7.25, 9.5], "texture": "#0"},
				"east": {"uv": [1.5, 9.5, 3, 10], "texture": "#0"},
				"south": {"uv": [9, 7, 11.25, 7.5], "texture": "#0"},
				"west": {"uv": [3, 9.5, 4.5, 10], "texture": "#0"},
				"up": {"uv": [6.75, 8.5, 4.5, 7], "texture": "#0"},
				"down": {"uv": [9, 7, 6.75, 8.5], "texture": "#0"}
			}
		},
		{
			"from": [3.9, 4, 13.1],
			"to": [13.9, 8, 14.1],
			"rotation": {"angle": 0, "axis": "y", "origin": [8.9, 6, 10.725]},
			"faces": {
				"north": {"uv": [7.5, 5, 10, 6], "texture": "#0"},
				"east": {"uv": [10, 5.5, 10.25, 6.5], "texture": "#0"},
				"south": {"uv": [7.5, 6, 10, 7], "texture": "#0"},
				"west": {"uv": [5.75, 10, 6, 11], "texture": "#0"},
				"up": {"uv": [12.25, 1.25, 9.75, 1], "texture": "#0"},
				"down": {"uv": [12.25, 1.25, 9.75, 1.5], "texture": "#0"}
			}
		},
		{
			"from": [2, 1.525, 3.525],
			"to": [12, 8.525, 4.525],
			"rotation": {"angle": 22.5, "axis": "x", "origin": [7, 3.9, 2.525]},
			"faces": {
				"north": {"uv": [2.5, 5.25, 5, 7], "texture": "#0"},
				"east": {"uv": [10, 3.75, 10.25, 5.5], "texture": "#0"},
				"south": {"uv": [5, 5.25, 7.5, 7], "texture": "#0"},
				"west": {"uv": [4, 10, 4.25, 11.75], "texture": "#0"},
				"up": {"uv": [12.25, 2.75, 9.75, 2.5], "texture": "#0"},
				"down": {"uv": [12.25, 2.75, 9.75, 3], "texture": "#0"}
			}
		},
		{
			"from": [2.5, 1.525, 1.525],
			"to": [11.5, 7.525, 3.525],
			"rotation": {"angle": 22.5, "axis": "x", "origin": [7, 3.9, 2.525]},
			"faces": {
				"north": {"uv": [7.5, 0, 9.75, 1.5], "texture": "#0"},
				"east": {"uv": [4.5, 9.5, 5, 11], "texture": "#0"},
				"south": {"uv": [7.5, 1.5, 9.75, 3], "texture": "#0"},
				"west": {"uv": [5, 9.5, 5.5, 11], "texture": "#0"},
				"up": {"uv": [9.5, 9.5, 7.25, 9], "texture": "#0"},
				"down": {"uv": [11.25, 7.5, 9, 8], "texture": "#0"}
			}
		},
		{
			"from": [2, 1.525, 0.525],
			"to": [12, 8.525, 1.525],
			"rotation": {"angle": 22.5, "axis": "x", "origin": [7, 3.9, 2.525]},
			"faces": {
				"north": {"uv": [5, 3.5, 7.5, 5.25], "texture": "#0"},
				"east": {"uv": [3.5, 10, 3.75, 11.75], "texture": "#0"},
				"south": {"uv": [0, 5.25, 2.5, 7], "texture": "#0"},
				"west": {"uv": [3.75, 10, 4, 11.75], "texture": "#0"},
				"up": {"uv": [12.25, 2.25, 9.75, 2], "texture": "#0"},
				"down": {"uv": [12.25, 2.25, 9.75, 2.5], "texture": "#0"}
			}
		},
		{
			"from": [2, 0.525, 0.525],
			"to": [12, 1.525, 4.525],
			"rotation": {"angle": 22.5, "axis": "x", "origin": [7, 3.9, 2.525]},
			"faces": {
				"north": {"uv": [9.75, 1.5, 12.25, 1.75], "texture": "#0"},
				"east": {"uv": [6, 10, 7, 10.25], "texture": "#0"},
				"south": {"uv": [9.75, 1.75, 12.25, 2], "texture": "#0"},
				"west": {"uv": [10, 6.5, 11, 6.75], "texture": "#0"},
				"up": {"uv": [2.5, 9.5, 0, 8.5], "texture": "#0"},
				"down": {"uv": [5, 8.5, 2.5, 9.5], "texture": "#0"}
			}
		}
	],
	"display": {
		"gui": {
			"rotation": [26.17, 30.13, -4.38],
			"translation": [0.5, 1.75, 0],
			"scale": [0.8, 0.8, 0.8]
		}
	},
	"groups": [
		{
			"name": "old_book",
			"origin": [0.3, 3.96667, 0.925],
			"color": 0,
			"children": [0, 1, 2, 3, 4, 5, 6, 7, 8, 9, 10, 11]
		}
	]
}