{
	"credit": "Made by Falanta Fantomo with Blockbench",
	"texture_size": [64, 64],
	"textures": {
		"1": "block/custom/box"
	},
	"elements": [
		{
			"from": [3, 0, 3],
			"to": [13, 8, 13],
			"faces": {
				"north": {"uv": [0, 0, 5, 4], "texture": "#1"},
				"east": {"uv": [10, 0, 5, 4], "texture": "#1"},
				"south": {"uv": [10, 0, 15, 4], "texture": "#1"},
				"west": {"uv": [5, 0, 10, 4], "texture": "#1"},
				"up": {"uv": [0, 4, 5, 9], "texture": "#1"},
				"down": {"uv": [5, 4, 10, 9], "texture": "#1"}
			}
		}
	],
	"display": {
		"thirdperson_righthand": {
			"rotation": [57.75, 0, 0],
			"translation": [-6, 2, 1.25]
		},
		"thirdperson_lefthand": {
			"rotation": [57.75, 0, 0],
			"translation": [-6, 2, 1.25]
		},
		"firstperson_righthand": {
			"rotation": [-11, 0, 0],
			"translation": [-9, 0.5, 0]
		},
		"firstperson_lefthand": {
			"rotation": [-11, 0, 0],
			"translation": [-9, 0.5, 0]
		},
		"ground": {
			"translation": [0, 3, 0],
			"scale": [0.25, 0.25, 0.25]
		},
		"gui": {
			"rotation": [30, 225, 0],
			"scale": [0.9, 0.9, 0.9]
		},
		"fixed": {
			"rotation": [-90, 0, 0],
			"translation": [0, 0, -10],
			"scale": [2, 2, 2]
		}
	}
}