{
	"credit": "Made with Blockbench",
	"texture_size": [64, 64],
	"textures": {
		"0": "block/custom/old_suicases",
		"particle": "block/custom/old_suicases"
	},
	"elements": [
		{
			"from": [4, 8, 0],
			"to": [9, 10, 2],
			"rotation": {"angle": 22.5, "axis": "y", "origin": [6.5, 9, 4.5]},
			"faces": {
				"north": {"uv": [7.5, 6, 8.75, 6.5], "texture": "#0"},
				"east": {"uv": [8, 8.5, 8.5, 9], "texture": "#0"},
				"west": {"uv": [8, 8.5, 8.5, 9], "texture": "#0"},
				"up": {"uv": [8, 8, 6.75, 7.5], "texture": "#0"},
				"down": {"uv": [8.75, 7, 7.5, 7.5], "texture": "#0"}
			}
		},
		{
			"from": [1, 0, 2],
			"to": [16, 6, 14],
			"rotation": {"angle": 0, "axis": "y", "origin": [1, 0, 11]},
			"faces": {
				"north": {"uv": [0, 6, 3.75, 7.5], "texture": "#0"},
				"east": {"uv": [7.5, 1.5, 10.5, 3], "texture": "#0"},
				"south": {"uv": [3.75, 6, 7.5, 7.5], "texture": "#0"},
				"west": {"uv": [7.5, 3, 10.5, 4.5], "texture": "#0"},
				"up": {"uv": [3.75, 3, 0, 0], "texture": "#0"},
				"down": {"uv": [3.75, 3, 0, 6], "texture": "#0"}
			}
		},
		{
			"from": [6, 2, 0],
			"to": [11, 4, 2],
			"rotation": {"angle": 0, "axis": "y", "origin": [1, 1, -1]},
			"faces": {
				"north": {"uv": [6.75, 8, 8, 8.5], "texture": "#0"},
				"east": {"uv": [8.5, 8.5, 9, 9], "texture": "#0"},
				"west": {"uv": [8.5, 8.5, 9, 9], "texture": "#0"},
				"up": {"uv": [9.25, 8.5, 8, 8], "texture": "#0"},
				"down": {"uv": [8, 8.5, 6.75, 9], "texture": "#0"}
			}
		},
		{
			"from": [1, 12, 2],
			"to": [16, 18, 14],
			"rotation": {"angle": -22.5, "axis": "y", "origin": [8.5, 15, 4.5]},
			"faces": {
				"north": {"uv": [0, 6, 3.75, 7.5], "texture": "#0"},
				"east": {"uv": [7.5, 1.5, 10.5, 3], "texture": "#0"},
				"south": {"uv": [3.75, 6, 7.5, 7.5], "texture": "#0"},
				"west": {"uv": [7.5, 3, 10.5, 4.5], "texture": "#0"},
				"up": {"uv": [3.75, 3, 0, 0], "texture": "#0"},
				"down": {"uv": [3.75, 3, 0, 6], "texture": "#0"}
			}
		},
		{
			"from": [6, 14, 0],
			"to": [11, 16, 2],
			"rotation": {"angle": -22.5, "axis": "y", "origin": [8.5, 15, 4.5]},
			"faces": {
				"north": {"uv": [6.75, 8, 8, 8.5], "texture": "#0"},
				"east": {"uv": [8.5, 8.5, 9, 9], "texture": "#0"},
				"west": {"uv": [8.5, 8.5, 9, 9], "texture": "#0"},
				"up": {"uv": [9.25, 8.5, 8, 8], "texture": "#0"},
				"down": {"uv": [8, 8.5, 6.75, 9], "texture": "#0"}
			}
		},
		{
			"from": [-1, 6, 2],
			"to": [14, 12, 14],
			"rotation": {"angle": 22.5, "axis": "y", "origin": [6.5, 9, 4.5]},
			"faces": {
				"north": {"uv": [0, 7.5, 3.75, 9], "texture": "#0"},
				"east": {"uv": [3.75, 7.5, 6.75, 9], "texture": "#0"},
				"south": {"uv": [7.5, 0, 11.25, 1.5], "texture": "#0"},
				"west": {"uv": [7.5, 4.5, 10.5, 6], "texture": "#0"},
				"up": {"uv": [7.5, 3, 3.75, 0], "texture": "#0"},
				"down": {"uv": [7.5, 3, 3.75, 6], "texture": "#0"}
			}
		}
	],
	"display": {
		"gui": {
			"rotation": [-168.28, 39.48, 178.41],
			"translation": [0, -1, 0],
			"scale": [0.6, 0.6, 0.6]
		}
	},
	"groups": [
		{
			"name": "suicases",
			"origin": [6.5, -7, 20.5],
			"color": 0,
			"children": [0, 1, 2, 3, 4, 5]
		}
	]
}