{
	"credit": "Made with Blockbench",
	"texture_size": [64, 64],
	"textures": {
		"0": "block/custom/counter1",
		"particle": "block/custom/counter1"
	},
	"elements": [
		{
			"from": [1, 8, 1],
			"to": [15, 13, 2],
			"rotation": {"angle": 0, "axis": "y", "origin": [5, 9.5, 8]},
			"faces": {
				"north": {"uv": [3.5, 8, 7, 9.25], "texture": "#0"},
				"east": {"uv": [3.75, 9.25, 4, 10.5], "texture": "#0"},
				"west": {"uv": [4, 9.25, 4.25, 10.5], "texture": "#0"},
				"up": {"uv": [8.25, 12, 8, 8.5], "rotation": 90, "texture": "#0"},
				"down": {"uv": [8.5, 8.5, 8.25, 12], "rotation": 270, "texture": "#0"}
			}
		},
		{
			"from": [0, 0, 2],
			"to": [16, 16, 16],
			"rotation": {"angle": 0, "axis": "y", "origin": [5, 9.5, 8]},
			"faces": {
				"north": {"uv": [0, 4, 4, 8], "texture": "#0"},
				"east": {"uv": [4, 0, 7.5, 4], "texture": "#0", "cullface": "north"},
				"south": {"uv": [0, 0, 4, 4], "texture": "#0", "cullface": "east"},
				"west": {"uv": [4, 4, 7.5, 8], "texture": "#0", "cullface": "south"},
				"up": {"uv": [14.5, 4, 11, 0], "rotation": 90, "texture": "#0", "cullface": "up"},
				"down": {"uv": [11, 4, 7.5, 8], "rotation": 270, "texture": "#0", "cullface": "down"}
			}
		},
		{
			"from": [0, 14, 0],
			"to": [16, 16, 2],
			"rotation": {"angle": 0, "axis": "y", "origin": [5, 9.5, 8]},
			"faces": {
				"north": {"uv": [7, 8, 11, 8.5], "texture": "#0", "cullface": "west"},
				"east": {"uv": [4.25, 9.25, 4.75, 9.75], "texture": "#0", "cullface": "north"},
				"west": {"uv": [4.75, 9.25, 5.25, 9.75], "texture": "#0", "cullface": "south"},
				"up": {"uv": [7, 13.25, 6.5, 9.25], "rotation": 90, "texture": "#0", "cullface": "up"},
				"down": {"uv": [8, 8.5, 7.5, 12.5], "rotation": 270, "texture": "#0"}
			}
		},
		{
			"from": [1, 1, 1],
			"to": [15, 7, 2],
			"rotation": {"angle": 0, "axis": "y", "origin": [5, 9.5, 8]},
			"faces": {
				"north": {"uv": [0, 8, 3.5, 9.5], "texture": "#0"},
				"east": {"uv": [9, 8.5, 9.25, 10], "texture": "#0"},
				"west": {"uv": [3.5, 9.25, 3.75, 10.75], "texture": "#0"},
				"up": {"uv": [8.75, 12, 8.5, 8.5], "rotation": 90, "texture": "#0"},
				"down": {"uv": [9, 8.5, 8.75, 12], "rotation": 270, "texture": "#0"}
			}
		}
	],
	"display": {
		"gui": {
			"rotation": [8.81, 60.87, -0.67],
			"translation": [0, -0.25, 0],
			"scale": [0.65, 0.65, 0.65]
		}
	},
	"groups": [
		{
			"name": "chirad",
			"origin": [5, 0, -4],
			"color": 0,
			"children": [0, 1, 2, 3]
		}
	]
}