{
	"credit": "Made by Falanta Fantomo with Blockbench",
	"texture_size": [128, 128],
	"textures": {
		"0": "block/custom/closet",
		"particle": "block/custom/closet"
	},
	"elements": [
		{
			"from": [-8, -16, 0],
			"to": [24, 32, 16],
			"rotation": {"angle": 0, "axis": "y", "origin": [8, -1.46194, 3.80866]},
			"faces": {
				"north": {"uv": [0, 0, 4, 6], "texture": "#0"},
				"east": {"uv": [6, 0, 4, 6], "texture": "#0"},
				"south": {"uv": [6, 0, 10, 6], "texture": "#0"},
				"west": {"uv": [4, 0, 6, 6], "texture": "#0"},
				"up": {"uv": [4, 6, 8, 8], "texture": "#0"},
				"down": {"uv": [0, 6, 4, 8], "texture": "#0"}
			}
		},
		{
			"from": [-7, -15, 1],
			"to": [23, 31, 15],
			"rotation": {"angle": 0, "axis": "x", "origin": [8, 8, 8]},
			"faces": {
				"north": {"uv": [10.25, 0, 16, 3.75], "rotation": 90, "texture": "#0"},
				"east": {"uv": [10.25, 5.5, 16, 3.75], "rotation": 90, "texture": "#0"},
				"south": {"uv": [12.25, 5.5, 16, 11.25], "texture": "#0"},
				"west": {"uv": [10.25, 3.75, 16, 5.5], "rotation": 90, "texture": "#0"},
				"down": {"uv": [8, 6, 11.75, 7.75], "texture": "#0"}
			}
		},
		{
			"from": [-1, -12.80759, 3.55729],
			"to": [2, -10.80759, 3.55729],
			"rotation": {"angle": 22.5, "axis": "x", "origin": [8, -1.46194, 3.80866]},
			"faces": {
				"north": {"uv": [15.625, 15.75, 16, 16], "rotation": 180, "texture": "#0"},
				"south": {"uv": [16, 15.75, 15.625, 16], "rotation": 180, "texture": "#0"}
			}
		},
		{
			"from": [14, -12.80759, 3.55729],
			"to": [17, -10.80759, 3.55729],
			"rotation": {"angle": 22.5, "axis": "x", "origin": [8, -1.46194, 3.80866]},
			"faces": {
				"north": {"uv": [15.25, 15.75, 15.625, 16], "rotation": 180, "texture": "#0"},
				"south": {"uv": [15.625, 15.75, 15.25, 16], "rotation": 180, "texture": "#0"}
			}
		}
	],
	"display": {
		"thirdperson_righthand": {
			"rotation": [75, 45, 0],
			"translation": [0, 2.5, 0],
			"scale": [0.1, 0.1, 0.1]
		},
		"thirdperson_lefthand": {
			"rotation": [75, 45, 0],
			"translation": [0, 2.5, 0],
			"scale": [0.1, 0.1, 0.1]
		},
		"firstperson_righthand": {
			"rotation": [-4, 106, 9],
			"scale": [0.1, 0.1, 0.1]
		},
		"firstperson_lefthand": {
			"rotation": [-4, 106, 9],
			"scale": [0.1, 0.1, 0.1]
		},
		"ground": {
			"translation": [0, 3, 0],
			"scale": [0.1, 0.1, 0.1]
		},
		"gui": {
			"rotation": [15, -152, 0],
			"scale": [0.25, 0.25, 0.25]
		},
		"fixed": {
			"rotation": [-90, 0, 0],
			"translation": [0, 0, -48],
			"scale": [2, 2, 2]
		}
	},
	"groups": [
		0,
		1,
		2,
		3,
		{
			"name": "group",
			"origin": [8, -1.46194, 3.80866],
			"color": 0,
			"nbt": "{}",
			"children": []
		}
	]
}