{
	"credit": "Made with Blockbench",
	"texture_size": [64, 64],
	"textures": {
		"0": "block/custom/door",
		"particle": "block/custom/door"
	},
	"elements": [
		{
			"from": [0, 0, 0],
			"to": [16, 16, 2],
			"faces": {
				"north": {"uv": [4, 0, 8, 4], "texture": "#0"},
				"east": {"uv": [8, 10.5, 8.5, 14.5], "texture": "#0"},
				"south": {"uv": [4, 0, 8, 4], "texture": "#0"},
				"west": {"uv": [8.5, 10.5, 9, 14.5], "texture": "#0"},
				"up": {"uv": [15, 8.5, 11, 8], "texture": "#0"},
				"down": {"uv": [15, 8.5, 11, 9], "texture": "#0"}
			}
		},
		{
			"from": [0, 16, 0],
			"to": [16, 32, 2],
			"faces": {
				"north": {"uv": [0, 0, 4, 4], "texture": "#0"},
				"east": {"uv": [7.5, 8, 8, 12], "texture": "#0"},
				"south": {"uv": [0, 0, 4, 4], "texture": "#0"},
				"west": {"uv": [10.5, 7, 11, 11], "texture": "#0"},
				"up": {"uv": [15, 7.5, 11, 7], "texture": "#0"},
				"down": {"uv": [15, 7.5, 11, 8], "texture": "#0"}
			}
		},
		{
			"from": [3, 15, -0.75],
			"to": [5, 19, 1.25],
			"faces": {
				"north": {"uv": [0.75, 11.5, 1.25, 12.5], "texture": "#0"},
				"east": {"uv": [0, 12, 0.5, 13], "texture": "#0"},
				"south": {"uv": [0, 11.5, 0.5, 12.5], "texture": "#0"},
				"west": {"uv": [0, 12.25, 0.5, 13.25], "texture": "#0"},
				"up": {"uv": [0, 11.5, 0.5, 12], "texture": "#0"},
				"down": {"uv": [0, 11.5, 0.5, 12], "texture": "#0"}
			}
		}
	]
}