{
	"credit": "Made by Falanta Fantomo with Blockbench",
	"texture_size": [64, 64],
	"textures": {
		"0": "block/custom/flower",
		"particle": "block/custom/flower"
	},
	"elements": [
		{
			"from": [6, 0, 6],
			"to": [10, 10, 10],
			"faces": {
				"north": {"uv": [2.5, 0, 4.5, 5], "texture": "#0"},
				"east": {"uv": [2.5, 0, 4.5, 5], "texture": "#0"},
				"south": {"uv": [2.5, 0, 4.5, 5], "texture": "#0"},
				"west": {"uv": [2.5, 0, 4.5, 5], "texture": "#0"},
				"up": {"uv": [2.5, 5, 4.5, 7], "texture": "#0"},
				"down": {"uv": [2.5, 7, 4.5, 9], "texture": "#0"}
			}
		},
		{
			"from": [5.5, 0, 5.5],
			"to": [10.5, 10.5, 10.5],
			"faces": {
				"north": {"uv": [0, 0, 2.5, 5.25], "texture": "#0"},
				"east": {"uv": [0, 0, 2.5, 5.25], "texture": "#0"},
				"south": {"uv": [0, 0, 2.5, 5.25], "texture": "#0"},
				"west": {"uv": [0, 0, 2.5, 5.25], "texture": "#0"},
				"up": {"uv": [0, 5.5, 2.5, 8], "texture": "#0"}
			}
		},
		{
			"from": [5.5, 10.5, 5.5],
			"to": [10.5, 0, 10.5],
			"faces": {
				"north": {"uv": [0, 5.25, 2.5, 0], "texture": "#0"},
				"east": {"uv": [0, 5.25, 2.5, 0], "texture": "#0"},
				"south": {"uv": [0, 5.25, 2.5, 0], "texture": "#0"},
				"west": {"uv": [0, 5.25, 2.5, 0], "texture": "#0"},
				"down": {"uv": [0, 8, 2.5, 5.5], "texture": "#0"}
			}
		}
	],
	"display": {
		"thirdperson_righthand": {
			"translation": [0, 1.25, 0],
			"scale": [0.5, 0.5, 0.5]
		},
		"thirdperson_lefthand": {
			"translation": [0, 1.25, 0],
			"scale": [0.5, 0.5, 0.5]
		},
		"firstperson_righthand": {
			"rotation": [5, -23, -11],
			"translation": [4, 2.25, -2],
			"scale": [0.5, 0.5, 0.5]
		},
		"firstperson_lefthand": {
			"rotation": [5, -23, -11],
			"translation": [4, 2.25, -2],
			"scale": [0.5, 0.5, 0.5]
		},
		"ground": {
			"translation": [0, 3, 0],
			"scale": [0.25, 0.25, 0.25]
		},
		"gui": {
			"rotation": [18, 155, 0],
			"translation": [0, 2, 0]
		},
		"fixed": {
			"rotation": [-90, 0, 0],
			"translation": [0, 0, -16],
			"scale": [2, 2, 2]
		}
	},
	"groups": [
		{
			"name": "vaza",
			"origin": [0, 0, 0],
			"color": 0,
			"nbt": "{}",
			"children": [
				0,
				1,
				2,
				{
					"name": "flower",
					"origin": [0, 0, 0],
					"color": 0,
					"nbt": "{}",
					"children": []
				}
			]
		}
	]
}