{
	"credit": "Made by Falanta Fantomo with Blockbench",
	"texture_size": [64, 64],
	"textures": {
		"0": "block/custom/fridge",
		"particle": "block/custom/fridge"
	},
	"elements": [
		{
			"from": [1, 0, 5],
			"to": [15, 30, 14],
			"faces": {
				"north": {"uv": [0, 0, 3.5, 7.5], "texture": "#missing"},
				"east": {"uv": [4.25, 0, 6.5, 7.5], "texture": "#0"},
				"south": {"uv": [6.5, 0, 10, 7.5], "texture": "#0"},
				"west": {"uv": [6.5, 0, 4.25, 7.5], "texture": "#0"},
				"up": {"uv": [10, 0, 13.5, 2.25], "texture": "#0"},
				"down": {"uv": [10, 2.25, 13.5, 4.5], "texture": "#0"}
			}
		},
		{
			"from": [1, 0, 2],
			"to": [15, 30, 5],
			"rotation": {"angle": 0, "axis": "y", "origin": [15, 15, 5]},
			"faces": {
				"north": {"uv": [0, 0, 3.5, 7.5], "texture": "#0"},
				"east": {"uv": [3.5, 0, 4.25, 7.5], "texture": "#0"},
				"west": {"uv": [4.25, 0, 3.5, 7.5], "texture": "#0"},
				"up": {"uv": [0, 7.5, 3.5, 8.25], "texture": "#0"},
				"down": {"uv": [0, 8.25, 3.5, 9], "texture": "#0"}
			}
		},
		{
			"from": [10, 15, 1.5],
			"to": [14, 17, 1.5],
			"faces": {
				"north": {"uv": [15, 0, 16, 0.5], "texture": "#0"},
				"south": {"uv": [16, 0, 15, 0.5], "texture": "#0"}
			}
		},
		{
			"from": [2, 1, 14.5],
			"to": [14, 23, 14.5],
			"faces": {
				"north": {"uv": [3, 10.5, 0, 16], "texture": "#0"},
				"south": {"uv": [0, 10.5, 3, 16], "texture": "#0"}
			}
		}
	],
	"display": {
		"thirdperson_righthand": {
			"rotation": [75, 45, 0],
			"translation": [0, 2.5, 0],
			"scale": [0.375, 0.375, 0.375]
		},
		"thirdperson_lefthand": {
			"rotation": [75, 45, 0],
			"translation": [0, 2.5, 0],
			"scale": [0.375, 0.375, 0.375]
		},
		"firstperson_righthand": {
			"rotation": [0, 45, 0],
			"scale": [0.4, 0.4, 0.4]
		},
		"firstperson_lefthand": {
			"rotation": [0, 225, 0],
			"scale": [0.4, 0.4, 0.4]
		},
		"ground": {
			"translation": [0, 3, 0],
			"scale": [0.25, 0.25, 0.25]
		},
		"gui": {
			"rotation": [14, -150, 0],
			"translation": [0, -3, 0],
			"scale": [0.45, 0.45, 0.45]
		},
		"fixed": {
			"rotation": [-90, 0, 0],
			"translation": [0, 0, -16],
			"scale": [2, 2, 2]
		}
	}
}