{
	"credit": "Made with Blockbench",
	"texture_size": [64, 64],
	"textures": {
		"0": "block/custom/globe",
		"particle": "block/custom/globe"
	},
	"elements": [
		{
			"from": [3, 0, 4],
			"to": [13, 2, 14],
			"rotation": {"angle": 0, "axis": "y", "origin": [8, 0, 9]},
			"faces": {
				"north": {"uv": [0, 5, 2.5, 5.5], "texture": "#0"},
				"east": {"uv": [0, 5.5, 2.5, 6], "texture": "#0"},
				"south": {"uv": [0, 6, 2.5, 6.5], "texture": "#0"},
				"west": {"uv": [2.5, 6, 5, 6.5], "texture": "#0"},
				"up": {"uv": [2.5, 2.5, 0, 0], "texture": "#0"},
				"down": {"uv": [2.5, 2.5, 0, 5], "texture": "#0"}
			}
		},
		{
			"from": [4, 5, 5],
			"to": [12, 13, 13],
			"rotation": {"angle": 22.5, "axis": "y", "origin": [8, 9, 9]},
			"faces": {
				"north": {"uv": [2.5, 0, 4.5, 2], "texture": "#0"},
				"east": {"uv": [2.5, 2, 4.5, 4], "texture": "#0"},
				"south": {"uv": [2.5, 4, 4.5, 6], "texture": "#0"},
				"west": {"uv": [4.5, 0, 6.5, 2], "texture": "#0"},
				"up": {"uv": [6.5, 4, 4.5, 2], "texture": "#0"},
				"down": {"uv": [6.5, 4, 4.5, 6], "texture": "#0"}
			}
		},
		{
			"from": [7, 2, 8],
			"to": [9, 5, 10],
			"rotation": {"angle": 0, "axis": "y", "origin": [8, 2, 9]},
			"faces": {
				"north": {"uv": [6.5, 3.25, 7, 4], "texture": "#0"},
				"east": {"uv": [6.5, 4, 7, 4.75], "texture": "#0"},
				"south": {"uv": [4.25, 6.5, 4.75, 7.25], "texture": "#0"},
				"west": {"uv": [6.5, 4.75, 7, 5.5], "texture": "#0"},
				"up": {"uv": [6.5, 7, 6, 6.5], "texture": "#0"},
				"down": {"uv": [7, 6.5, 6.5, 7], "texture": "#0"}
			}
		},
		{
			"from": [9, 4, 8],
			"to": [15, 5, 10],
			"rotation": {"angle": 0, "axis": "y", "origin": [10, 2, 9]},
			"faces": {
				"north": {"uv": [6.5, 5.5, 8, 5.75], "texture": "#0"},
				"east": {"uv": [6.75, 1, 7.25, 1.25], "texture": "#0"},
				"south": {"uv": [6.5, 5.75, 8, 6], "texture": "#0"},
				"west": {"uv": [6.75, 1.25, 7.25, 1.5], "texture": "#0"},
				"up": {"uv": [8, 0.5, 6.5, 0], "texture": "#0"},
				"down": {"uv": [8, 0.5, 6.5, 1], "texture": "#0"}
			}
		},
		{
			"from": [7, 13, 8],
			"to": [15, 14, 10],
			"rotation": {"angle": 0, "axis": "y", "origin": [10, 11, 9]},
			"faces": {
				"north": {"uv": [2.25, 6.5, 4.25, 6.75], "texture": "#0"},
				"east": {"uv": [6.75, 2, 7.25, 2.25], "texture": "#0"},
				"south": {"uv": [6.5, 3, 8.5, 3.25], "texture": "#0"},
				"west": {"uv": [2.25, 6.75, 2.75, 7], "texture": "#0"},
				"up": {"uv": [8, 6.5, 6, 6], "texture": "#0"},
				"down": {"uv": [2, 6.5, 0, 7], "texture": "#0"}
			}
		},
		{
			"from": [7.5, 14, 9],
			"to": [8.5, 16, 9],
			"rotation": {"angle": 45, "axis": "y", "origin": [8, 14.5, 9]},
			"faces": {
				"north": {"uv": [6.75, 2.25, 7, 2.75], "texture": "#0"},
				"east": {"uv": [0, 0, 0, 0.5], "texture": "#0"},
				"south": {"uv": [2.75, 6.75, 3, 7.25], "texture": "#0"},
				"west": {"uv": [0, 0, 0, 0.5], "texture": "#0"},
				"up": {"uv": [0.25, 0, 0, 0], "texture": "#0"},
				"down": {"uv": [0.25, 0, 0, 0], "texture": "#0"}
			}
		},
		{
			"from": [14, 5, 8],
			"to": [15, 13, 10],
			"rotation": {"angle": 0, "axis": "y", "origin": [10, 3, 9]},
			"faces": {
				"north": {"uv": [6.5, 1, 6.75, 3], "texture": "#0"},
				"east": {"uv": [5, 6, 5.5, 8], "texture": "#0"},
				"south": {"uv": [2, 6.5, 2.25, 8.5], "texture": "#0"},
				"west": {"uv": [5.5, 6, 6, 8], "texture": "#0"},
				"up": {"uv": [5, 7, 4.75, 6.5], "texture": "#0"},
				"down": {"uv": [7, 1.5, 6.75, 2], "texture": "#0"}
			}
		}
	],
	"display": {
		"gui": {
			"rotation": [25.1, 38.29, 0.4],
			"translation": [-0.75, 0.25, 0],
			"scale": [0.7, 0.7, 0.7]
		}
	},
	"groups": [
		{
			"name": "globe",
			"origin": [10, 3, 8],
			"color": 0,
			"children": [0, 1, 2, 3, 4, 5, 6]
		}
	]
}