{
	"credit": "Made with Blockbench",
	"texture_size": [64, 64],
	"textures": {
		"0": "block/custom/school",
		"particle": "block/custom/school"
	},
	"elements": [
		{
			"from": [5.5, 1, 4.5],
			"to": [11, 3, 12.5],
			"rotation": {"angle": 0, "axis": "y", "origin": [-3.25, 2, 9.5]},
			"faces": {
				"north": {"uv": [0, 3.25, 1.25, 3.75], "texture": "#0"},
				"south": {"uv": [2.5, 3.25, 3.875, 3.75], "texture": "#0"},
				"west": {"uv": [1, 3.25, 3, 3.75], "texture": "#0"}
			}
		},
		{
			"from": [5, 3, 4],
			"to": [11, 4, 13],
			"rotation": {"angle": 0, "axis": "y", "origin": [-3.25, 2, 9.5]},
			"faces": {
				"north": {"uv": [2.25, 7.5, 3.75, 7.75], "texture": "#0"},
				"south": {"uv": [2.25, 7.75, 3.75, 8], "texture": "#0"},
				"west": {"uv": [2, 7, 2.25, 7.25], "texture": "#0"},
				"up": {"uv": [0, 4.75, 1.5, 7], "texture": "#0"},
				"down": {"uv": [0, 4.75, 1.5, 7], "texture": "#0"}
			}
		},
		{
			"from": [5, 0, 4],
			"to": [11, 1, 13],
			"rotation": {"angle": 0, "axis": "y", "origin": [-3.25, 2, 9.5]},
			"faces": {
				"north": {"uv": [2.25, 7.5, 3.75, 7.75], "texture": "#0"},
				"south": {"uv": [2.25, 7.75, 3.75, 8], "texture": "#0"},
				"west": {"uv": [2, 7, 2.25, 7.25], "texture": "#0"},
				"up": {"uv": [0, 4.75, 1.5, 7], "texture": "#0"},
				"down": {"uv": [0, 4.75, 1.5, 7], "texture": "#0"}
			}
		},
		{
			"from": [11, 0, 4],
			"to": [12, 4, 13],
			"rotation": {"angle": 0, "axis": "y", "origin": [-3.25, 2, 9.5]},
			"faces": {
				"north": {"uv": [1.75, 4.75, 2, 5.75], "texture": "#0"},
				"east": {"uv": [0, 7, 2.25, 8], "texture": "#0"},
				"south": {"uv": [1.75, 4.75, 2, 5.75], "texture": "#0"},
				"west": {"uv": [0, 7, 2.25, 8], "texture": "#0"},
				"up": {"uv": [1.5, 4.75, 1.75, 7], "texture": "#0"},
				"down": {"uv": [1.5, 4.75, 1.75, 7], "texture": "#0"}
			}
		}
	],
	"display": {
		"gui": {
			"rotation": [49.81, 18.94, -21],
			"translation": [1, 4.25, 0]
		}
	},
	"groups": [
		{
			"name": "books",
			"origin": [3, 0, 1],
			"color": 0,
			"children": [0, 1, 2, 3]
		}
	]
}