{
	"credit": "Made with Blockbench",
	"texture_size": [64, 64],
	"textures": {
		"0": "block/custom/school",
		"particle": "block/custom/school"
	},
	"elements": [
		{
			"from": [6, 3, 8.34672],
			"to": [14, 3.1, 19.34672],
			"rotation": {"angle": -45, "axis": "y", "origin": [18.23463, 3.5, 8.11732]},
			"faces": {
				"north": {"uv": [0, 0, 2, 0], "texture": "#0"},
				"east": {"uv": [0, 0, 2.75, 0], "texture": "#0"},
				"south": {"uv": [0, 0, 2, 0], "texture": "#0"},
				"west": {"uv": [0, 0, 2.75, 0], "texture": "#0"},
				"up": {"uv": [2, 2.75, 0, 0], "texture": "#0"},
				"down": {"uv": [4, 0, 2, 2.75], "texture": "#0"}
			}
		},
		{
			"from": [4, 0, 3],
			"to": [12, 8, 14],
			"rotation": {"angle": 0, "axis": "y", "origin": [18.23463, 3.5, 8.11732]},
			"faces": {
				"north": {"uv": [0, 2.75, 2, 4.75], "texture": "#0"},
				"east": {"uv": [2, 2.75, 4.75, 4.75], "texture": "#0"},
				"south": {"uv": [0, 2.75, 2, 4.75], "texture": "#0"},
				"west": {"uv": [2, 2.75, 4.75, 4.75], "texture": "#0"},
				"up": {"uv": [0, 0, 2, 2.75], "texture": "#0"},
				"down": {"uv": [2, 0, 4, 2.75], "texture": "#0"}
			}
		},
		{
			"from": [2, 5, 6.17798],
			"to": [13, 5.1, 14.17798],
			"rotation": {"angle": -22.5, "axis": "y", "origin": [18.23463, 3.5, 8.11732]},
			"faces": {
				"north": {"uv": [0, 0, 2.75, 0], "texture": "#0"},
				"east": {"uv": [0, 0, 2, 0], "texture": "#0"},
				"south": {"uv": [0, 0, 2.75, 0], "texture": "#0"},
				"west": {"uv": [0, 0, 2, 0], "texture": "#0"},
				"up": {"uv": [2, 2.75, 0, 0], "rotation": 90, "texture": "#0"},
				"down": {"uv": [4, 0, 2, 2.75], "rotation": 270, "texture": "#0"}
			}
		},
		{
			"from": [4, 6, 1.26376],
			"to": [12, 6.1, 12.26376],
			"rotation": {"angle": 22.5, "axis": "y", "origin": [18.23463, 3.5, 8.11732]},
			"faces": {
				"north": {"uv": [0, 0, 2, 0], "texture": "#0"},
				"east": {"uv": [0, 0, 2.75, 0], "texture": "#0"},
				"south": {"uv": [0, 0, 2, 0], "texture": "#0"},
				"west": {"uv": [0, 0, 2.75, 0], "texture": "#0"},
				"up": {"uv": [2, 2.75, 0, 0], "texture": "#0"},
				"down": {"uv": [4, 0, 2, 2.75], "texture": "#0"}
			}
		},
		{
			"from": [4, 1, -0.73624],
			"to": [12, 1.1, 10.26376],
			"rotation": {"angle": 22.5, "axis": "y", "origin": [18.23463, 3.5, 8.11732]},
			"faces": {
				"north": {"uv": [0, 0, 2, 0], "texture": "#0"},
				"east": {"uv": [0, 0, 2.75, 0], "texture": "#0"},
				"south": {"uv": [0, 0, 2, 0], "texture": "#0"},
				"west": {"uv": [0, 0, 2.75, 0], "texture": "#0"},
				"up": {"uv": [2, 2.75, 0, 0], "texture": "#0"},
				"down": {"uv": [4, 0, 2, 2.75], "texture": "#0"}
			}
		}
	],
	"display": {
		"gui": {
			"rotation": [28.15, 38.8, 1.01],
			"translation": [-0.25, 3, 0]
		}
	},
	"groups": [
		{
			"name": "many_papper",
			"origin": [42, 3, 8.5],
			"color": 0,
			"children": [0, 1, 2, 3, 4]
		}
	]
}