{
	"credit": "Made with Blockbench",
	"texture_size": [64, 64],
	"textures": {
		"0": "block/custom/school",
		"particle": "block/custom/school"
	},
	"elements": [
		{
			"name": "papper",
			"from": [5, 0, 2],
			"to": [13, 0.1, 13],
			"rotation": {"angle": 0, "axis": "y", "origin": [8, 0, 24]},
			"faces": {
				"north": {"uv": [0, 0, 2, 0], "texture": "#0"},
				"east": {"uv": [0, 0, 2.75, 0], "texture": "#0"},
				"south": {"uv": [0, 0, 2, 0], "texture": "#0"},
				"west": {"uv": [0, 0, 2.75, 0], "texture": "#0"},
				"up": {"uv": [2, 2.75, 0, 0], "texture": "#0"},
				"down": {"uv": [4, 0, 2, 2.75], "texture": "#0"}
			}
		}
	],
	"display": {
		"gui": {
			"rotation": [-141.2, 18.64, 170.35],
			"translation": [-0.5, 3, 0]
		}
	}
}