{
	"credit": "Made with Blockbench",
	"texture_size": [64, 64],
	"textures": {
		"0": "block/custom/school2",
		"particle": "block/custom/school2"
	},
	"elements": [
		{
			"from": [12, 13, 15],
			"to": [14, 14, 29],
			"rotation": {"angle": 0, "axis": "y", "origin": [-76, 0, 30]},
			"faces": {
				"north": {"uv": [6, 4.75, 6.5, 5], "texture": "#0"},
				"east": {"uv": [4, 4.75, 7.5, 5], "texture": "#0"},
				"south": {"uv": [6, 4.75, 6.5, 5], "texture": "#0"},
				"west": {"uv": [4, 4.75, 7.5, 5], "texture": "#0"},
				"down": {"uv": [8, 0, 8.5, 3.5], "texture": "#0"}
			}
		},
		{
			"from": [-16, 14, 14],
			"to": [16, 16, 30],
			"rotation": {"angle": 0, "axis": "y", "origin": [-76, 0, 30]},
			"faces": {
				"north": {"uv": [0, 4, 8, 4.5], "texture": "#0"},
				"east": {"uv": [0, 4.5, 4, 5], "texture": "#0"},
				"south": {"uv": [0, 4, 8, 4.5], "texture": "#0"},
				"west": {"uv": [0, 4.5, 4, 5], "texture": "#0"},
				"up": {"uv": [8, 4, 0, 0], "texture": "#0"},
				"down": {"uv": [8, 0, 0, 4], "texture": "#0"}
			}
		},
		{
			"from": [-16, 0, 14],
			"to": [12, 1, 16],
			"rotation": {"angle": 0, "axis": "y", "origin": [-76, 0, 30]},
			"faces": {
				"north": {"uv": [4, 4.5, 11, 4.75], "texture": "#0"},
				"south": {"uv": [4, 4.5, 11, 4.75], "texture": "#0"},
				"up": {"uv": [4, 4.5, 11, 5], "texture": "#0"},
				"down": {"uv": [4, 4.5, 11, 5], "texture": "#0"}
			}
		},
		{
			"from": [-16, 13, 15],
			"to": [-14, 14, 29],
			"rotation": {"angle": 0, "axis": "y", "origin": [-76, 0, 30]},
			"faces": {
				"north": {"uv": [6, 4.75, 6.5, 5], "texture": "#0"},
				"east": {"uv": [4, 4.75, 7.5, 5], "texture": "#0"},
				"south": {"uv": [6, 4.75, 6.5, 5], "texture": "#0"},
				"west": {"uv": [4, 4.75, 7.5, 5], "texture": "#0"},
				"down": {"uv": [8, 0, 8.5, 3.5], "texture": "#0"}
			}
		},
		{
			"from": [12, 2, 21],
			"to": [14, 13, 23],
			"rotation": {"angle": 0, "axis": "y", "origin": [-76, 0, 30]},
			"faces": {
				"north": {"uv": [8, 0.5, 8.5, 3.25], "texture": "#0"},
				"east": {"uv": [8, 0, 8.5, 2.75], "texture": "#0"},
				"south": {"uv": [8, 0.5, 8.5, 3.25], "texture": "#0"},
				"west": {"uv": [8, 0, 8.5, 2.75], "texture": "#0"}
			}
		},
		{
			"from": [12, 0, 14],
			"to": [14, 2, 30],
			"rotation": {"angle": 0, "axis": "y", "origin": [-76, 0, 30]},
			"faces": {
				"north": {"uv": [8, 4.5, 8.5, 5], "texture": "#0"},
				"east": {"uv": [4, 4.5, 8, 5], "texture": "#0"},
				"south": {"uv": [8, 4.5, 8.5, 5], "texture": "#0"},
				"west": {"uv": [4, 4.5, 8, 5], "texture": "#0"},
				"up": {"uv": [8, 0, 8.5, 4], "texture": "#0"},
				"down": {"uv": [8, 0, 8.5, 4], "texture": "#0"}
			}
		},
		{
			"from": [-16, 0, 14],
			"to": [-14, 2, 30],
			"rotation": {"angle": 0, "axis": "y", "origin": [-76, 0, 30]},
			"faces": {
				"north": {"uv": [8, 4.5, 8.5, 5], "texture": "#0"},
				"east": {"uv": [4, 4.5, 8, 5], "texture": "#0"},
				"south": {"uv": [8, 4.5, 8.5, 5], "texture": "#0"},
				"west": {"uv": [4, 4.5, 8, 5], "texture": "#0"},
				"up": {"uv": [8, 0, 8.5, 4], "texture": "#0"},
				"down": {"uv": [8, 0, 8.5, 4], "texture": "#0"}
			}
		},
		{
			"from": [-16, 2, 21],
			"to": [-14, 13, 23],
			"rotation": {"angle": 0, "axis": "y", "origin": [-76, 0, 30]},
			"faces": {
				"north": {"uv": [8, 0.5, 8.5, 3.25], "texture": "#0"},
				"east": {"uv": [8, 0, 8.5, 2.75], "texture": "#0"},
				"south": {"uv": [8, 0.5, 8.5, 3.25], "texture": "#0"},
				"west": {"uv": [8, 0, 8.5, 2.75], "texture": "#0"}
			}
		}
	],
	"display": {
		"gui": {
			"rotation": [25.44, 50.26, -1.72],
			"translation": [-2.5, 2.5, 0],
			"scale": [0.5, 0.5, 0.5]
		}
	},
	"groups": [
		{
			"name": "stol",
			"origin": [-76, 0, 30],
			"color": 0,
			"children": [0, 1, 2, 3, 4, 5, 6, 7]
		}
	]
}