{
	"credit": "Made by Falanta Fantomo with Blockbench",
	"texture_size": [64, 64],
	"textures": {
		"0": "block/custom/patiphone",
		"particle": "block/custom/patiphone"
	},
	"elements": [
		{
			"from": [3, 0, 3],
			"to": [13, 6, 13],
			"rotation": {"angle": 0, "axis": "y", "origin": [8, 3, 8]},
			"faces": {
				"north": {"uv": [5, 0, 7.5, 1.5], "texture": "#0"},
				"east": {"uv": [10, 0, 7.5, 1.5], "texture": "#0"},
				"south": {"uv": [0, 0, 2.5, 1.5], "texture": "#0"},
				"west": {"uv": [2.5, 0, 5, 1.5], "texture": "#0"}
			}
		},
		{
			"from": [2.5, 0, 2.5],
			"to": [13.5, 6, 13.5],
			"faces": {
				"north": {"uv": [0, 1.5, 2.75, 3], "texture": "#0"},
				"east": {"uv": [5.5, 1.5, 2.75, 3], "texture": "#0"},
				"south": {"uv": [5.5, 1.5, 8.25, 3], "texture": "#0"},
				"west": {"uv": [2.75, 1.5, 5.5, 3], "texture": "#0"},
				"up": {"uv": [13.25, 0, 16, 2.75], "texture": "#0"},
				"down": {"uv": [13.25, 2.75, 16, 5.5], "texture": "#0"}
			}
		},
		{
			"from": [2.5, 6, 2.5],
			"to": [13.5, 0, 13.5],
			"faces": {
				"north": {"uv": [0, 3, 2.75, 1.5], "texture": "#0"},
				"east": {"uv": [5.5, 3, 2.75, 1.5], "texture": "#0"},
				"south": {"uv": [5.5, 3, 8.25, 1.5], "texture": "#0"},
				"west": {"uv": [2.75, 3, 5.5, 1.5], "texture": "#0"},
				"up": {"uv": [13.25, 5.5, 16, 2.75], "texture": "#0"},
				"down": {"uv": [13.25, 2.75, 16, 0], "texture": "#0"}
			}
		},
		{
			"from": [3.5, 6.5, 3.5],
			"to": [12.5, 6.5, 12.5],
			"rotation": {"angle": 0, "axis": "y", "origin": [8, 6.5, 8]},
			"faces": {
				"up": {"uv": [11, 0, 13.25, 2.25], "texture": "#0"},
				"down": {"uv": [13.25, 0, 11, 2.25], "texture": "#0"}
			}
		},
		{
			"from": [0, 2.5, 8],
			"to": [3, 5.5, 8],
			"rotation": {"angle": 0, "axis": "x", "origin": [1, 3, 8]},
			"faces": {
				"north": {"uv": [10, 0, 10.75, 0.75], "texture": "#0"},
				"south": {"uv": [10.75, 0, 10, 0.75], "texture": "#0"}
			}
		},
		{
			"from": [-2, 4.5, 7.5],
			"to": [1, 5.5, 8.5],
			"rotation": {"angle": 0, "axis": "x", "origin": [-0.5, 5, 8]},
			"faces": {
				"north": {"uv": [10.75, 0, 11, 0.75], "rotation": 90, "texture": "#0"},
				"east": {"uv": [10.75, 0.5, 11, 0.75], "rotation": 90, "texture": "#0"},
				"south": {"uv": [10.75, 0.75, 11, 0], "rotation": 90, "texture": "#0"},
				"west": {"uv": [10.75, 0, 11, 0.25], "rotation": 90, "texture": "#0"},
				"up": {"uv": [10.75, 0.75, 11, 0], "rotation": 90, "texture": "#0"},
				"down": {"uv": [10.75, 0.75, 11, 0], "rotation": 90, "texture": "#0"}
			}
		}
	],
	"groups": [
		0,
		1,
		2,
		3,
		{
			"name": "hand",
			"origin": [1, 3, 8],
			"color": 0,
			"nbt": "{}",
			"children": [4, 5]
		}
	]
}