{
	"credit": "Made with Blockbench",
	"texture_size": [64, 64],
	"textures": {
		"0": "block/custom/leaning_planks",
		"particle": "block/custom/leaning_planks"
	},
	"elements": [
		{
			"name": "planks",
			"from": [4, -1.35335, 9.31758],
			"to": [8, 28.64665, 10.31758],
			"rotation": {"angle": 22.5, "axis": "x", "origin": [9.5, 12.42284, 11.08791]},
			"faces": {
				"north": {"uv": [2, 0, 1, 7.5], "texture": "#0"},
				"east": {"uv": [4.25, 0, 4, 7.5], "texture": "#0"},
				"south": {"uv": [1, 0, 0, 7.5], "texture": "#0"},
				"west": {"uv": [4.5, 0, 4.25, 7.5], "texture": "#0"},
				"up": {"uv": [6, 0, 5, 0.25], "texture": "#0"},
				"down": {"uv": [6, 0.5, 5, 0.25], "texture": "#0"}
			}
		},
		{
			"name": "planks",
			"from": [11, -0.30097, 11.85825],
			"to": [15, 22.69903, 12.85825],
			"rotation": {"angle": 22.5, "axis": "x", "origin": [9.5, 12.42284, 11.08791]},
			"faces": {
				"north": {"uv": [4, 0, 3, 5.75], "texture": "#0"},
				"east": {"uv": [4.75, 0, 4.5, 5.75], "texture": "#0"},
				"south": {"uv": [3, 0, 2, 5.75], "texture": "#0"},
				"west": {"uv": [5, 0, 4.75, 5.75], "texture": "#0"},
				"up": {"uv": [6, 0.5, 5, 0.75], "texture": "#0"},
				"down": {"uv": [6, 1, 5, 0.75], "texture": "#0"}
			}
		}
	],
	"display": {
		"gui": {
			"rotation": [-180, 23.5, -180],
			"translation": [-0.25, -3.5, 0],
			"scale": [0.6, 0.6, 0.6]
		}
	},
	"groups": [
		{
			"name": "group",
			"origin": [10, 14, 12.575],
			"color": 0,
			"children": [0, 1]
		}
	]
}