{
	"credit": "Made by Falanta Fantomo with Blockbench",
	"texture_size": [64, 64],
	"textures": {
		"0": "block/custom/radio",
		"particle": "block/custom/radio"
	},
	"elements": [
		{
			"from": [2, 0, 4],
			"to": [14, 9, 12],
			"faces": {
				"north": {"uv": [0, 0, 6, 4.5], "texture": "#0"},
				"east": {"uv": [14, 0, 10, 4.5], "texture": "#0"},
				"south": {"uv": [0, 8.5, 6, 13], "texture": "#0"},
				"west": {"uv": [6, 0, 10, 4.5], "texture": "#0"},
				"up": {"uv": [0, 4.5, 6, 8.5], "texture": "#0"},
				"down": {"uv": [6, 4.5, 12, 8.5], "texture": "#0"}
			}
		},
		{
			"from": [2, 0, 4.5],
			"to": [14, 9, 4.5],
			"faces": {
				"north": {"uv": [10, 11.5, 16, 16], "texture": "#0"}
			}
		}
	],
	"display": {
		"thirdperson_righthand": {
			"rotation": [75, 45, 0],
			"translation": [0, 2.5, 0],
			"scale": [0.375, 0.375, 0.375]
		},
		"thirdperson_lefthand": {
			"rotation": [75, 45, 0],
			"translation": [0, 2.5, 0],
			"scale": [0.375, 0.375, 0.375]
		},
		"firstperson_righthand": {
			"rotation": [0, 45, 0],
			"scale": [0.4, 0.4, 0.4]
		},
		"firstperson_lefthand": {
			"rotation": [0, 225, 0],
			"scale": [0.4, 0.4, 0.4]
		},
		"ground": {
			"translation": [0, 3, 0],
			"scale": [0.25, 0.25, 0.25]
		},
		"gui": {
			"rotation": [20, -149, 0],
			"scale": [0.9, 0.9, 0.9]
		},
		"fixed": {
			"rotation": [-90, 0, 0],
			"translation": [0, 0, -9],
			"scale": [2, 2, 2]
		}
	}
}