{
	"credit": "Made with Blockbench",
	"texture_size": [64, 64],
	"textures": {
		"0": "block/custom/radio2",
		"particle": "block/custom/radio2"
	},
	"elements": [
		{
			"from": [2, 4, 3],
			"to": [9, 9, 11],
			"rotation": {"angle": 0, "axis": "y", "origin": [16, 0, 15]},
			"faces": {
				"north": {"uv": [0, 5.75, 1.75, 7], "texture": "#0"},
				"east": {"uv": [5, 4, 7, 5.25], "texture": "#0"},
				"south": {"uv": [5.5, 5.25, 7.25, 6.5], "texture": "#0"},
				"west": {"uv": [3, 4, 5, 5.25], "texture": "#0"},
				"up": {"uv": [3.75, 0, 5.5, 2], "texture": "#0"},
				"down": {"uv": [3.75, 4, 5.5, 2], "texture": "#0"}
			}
		},
		{
			"from": [2, 1, 3],
			"to": [9, 3, 11],
			"rotation": {"angle": 0, "axis": "y", "origin": [16, 0, 15]},
			"faces": {
				"north": {"uv": [6.75, 1, 8.5, 1.5], "texture": "#0"},
				"east": {"uv": [6.75, 0, 8.75, 0.5], "texture": "#0"},
				"south": {"uv": [6.75, 0.5, 8.5, 1], "texture": "#0"},
				"west": {"uv": [5.5, 6.5, 7.5, 7], "texture": "#0"},
				"up": {"uv": [2, 0, 3.75, 2], "texture": "#0"},
				"down": {"uv": [2, 4, 3.75, 2], "texture": "#0"}
			}
		},
		{
			"from": [9, 1, 3],
			"to": [14, 9, 11],
			"rotation": {"angle": 0, "axis": "y", "origin": [16, 0, 15]},
			"faces": {
				"north": {"uv": [4.25, 5.25, 5.5, 7.25], "texture": "#0"},
				"east": {"uv": [0, 2, 2, 4], "texture": "#0"},
				"south": {"uv": [3, 5.25, 4.25, 7.25], "texture": "#0"},
				"west": {"uv": [0, 0, 2, 2], "texture": "#0"},
				"up": {"uv": [5.5, 0, 6.75, 2], "texture": "#0"},
				"down": {"uv": [5.5, 4, 6.75, 2], "texture": "#0"}
			}
		},
		{
			"from": [4.35, 9.25, 7],
			"to": [15.35, 10.25, 7],
			"rotation": {"angle": -22.5, "axis": "z", "origin": [11.35, 13, 7]},
			"faces": {
				"north": {"uv": [6.75, 3.25, 9.5, 3.5], "texture": "#0"},
				"east": {"uv": [0, 0, 0, 0.25], "texture": "#0"},
				"south": {"uv": [6.75, 3, 9.5, 3.25], "texture": "#0"},
				"west": {"uv": [0, 0, 0, 0.25], "texture": "#0"},
				"up": {"uv": [0, 0, 2.75, 0], "texture": "#0"},
				"down": {"uv": [0, 0, 2.75, 0], "texture": "#0"}
			}
		},
		{
			"from": [11, 0, 4],
			"to": [13, 1, 10],
			"rotation": {"angle": 0, "axis": "y", "origin": [16, 0, 15]},
			"faces": {
				"north": {"uv": [7.25, 2.25, 7.75, 2.5], "texture": "#0"},
				"east": {"uv": [7, 7, 8.5, 7.25], "texture": "#0"},
				"south": {"uv": [1.25, 7, 1.75, 7.25], "texture": "#0"},
				"west": {"uv": [5.5, 7, 7, 7.25], "texture": "#0"},
				"up": {"uv": [1.75, 5.75, 2.25, 7.25], "texture": "#0"},
				"down": {"uv": [2.25, 7.25, 2.75, 5.75], "texture": "#0"}
			}
		},
		{
			"from": [3, 0, 4],
			"to": [5, 1, 10],
			"rotation": {"angle": 0, "axis": "y", "origin": [16, 0, 15]},
			"faces": {
				"north": {"uv": [2.75, 7.25, 3.25, 7.5], "texture": "#0"},
				"east": {"uv": [7.25, 1.5, 8.75, 1.75], "texture": "#0"},
				"south": {"uv": [7.25, 2.5, 7.75, 2.75], "texture": "#0"},
				"west": {"uv": [1.25, 7.25, 2.75, 7.5], "texture": "#0"},
				"up": {"uv": [6.75, 1.5, 7.25, 3], "texture": "#0"},
				"down": {"uv": [0, 8.5, 0.5, 7], "texture": "#0"}
			}
		},
		{
			"from": [10, 2, 11],
			"to": [13, 5, 12],
			"rotation": {"angle": 0, "axis": "y", "origin": [16, 0, 15]},
			"faces": {
				"north": {"uv": [7, 3.5, 7.75, 4.25], "texture": "#0"},
				"east": {"uv": [2.75, 6.5, 3, 7.25], "texture": "#0"},
				"south": {"uv": [0.5, 7, 1.25, 7.75], "texture": "#0"},
				"west": {"uv": [2.75, 5.75, 3, 6.5], "texture": "#0"},
				"up": {"uv": [7.25, 1.75, 8, 2], "texture": "#0"},
				"down": {"uv": [7.25, 2.25, 8, 2], "texture": "#0"}
			}
		},
		{
			"from": [3, 3, 3],
			"to": [9, 4, 10],
			"rotation": {"angle": 0, "axis": "y", "origin": [16, 0, 15]},
			"faces": {
				"north": {"uv": [7, 5, 8.5, 5.25], "texture": "#0"},
				"east": {"uv": [7, 4.5, 8.75, 4.75], "texture": "#0"},
				"south": {"uv": [7, 4.75, 8.5, 5], "texture": "#0"},
				"west": {"uv": [7, 4.25, 8.75, 4.5], "texture": "#0"},
				"up": {"uv": [0, 4, 1.5, 5.75], "texture": "#0"},
				"down": {"uv": [1.5, 5.75, 3, 4], "texture": "#0"}
			}
		}
	],
	"display": {
		"gui": {
			"rotation": [14.44, -41.79, -0.54],
			"translation": [-1, 1.75, 0]
		}
	},
	"groups": [
		{
			"name": "radios",
			"origin": [0.09006, 4.00893, 0.5],
			"color": 0,
			"children": [0, 1, 2, 3, 4, 5, 6, 7]
		}
	]
}