{
	"credit": "Made with Blockbench",
	"texture_size": [64, 64],
	"textures": {
		"0": "block/custom/school",
		"particle": "block/custom/school"
	},
	"elements": [
		{
			"from": [11, 0, 4],
			"to": [12, 4, 13],
			"rotation": {"angle": 0, "axis": "y", "origin": [41.25, 2, 8.5]},
			"faces": {
				"north": {"uv": [4.75, 2.25, 5, 3.25], "texture": "#0"},
				"east": {"uv": [5, 3, 7.25, 4], "texture": "#0"},
				"south": {"uv": [4.75, 2.25, 5, 3.25], "texture": "#0"},
				"west": {"uv": [5, 4, 7.25, 5], "texture": "#0"},
				"up": {"uv": [4.75, 0, 5, 2.25], "texture": "#0"},
				"down": {"uv": [4.75, 0, 5, 2.25], "texture": "#0"}
			}
		},
		{
			"from": [5.5, 1, 4.5],
			"to": [11, 3, 12.5],
			"rotation": {"angle": 0, "axis": "y", "origin": [41.25, 2, 8.5]},
			"faces": {
				"north": {"uv": [0, 2.75, 1.25, 3.25], "texture": "#0"},
				"south": {"uv": [2.5, 2.75, 3.875, 3.25], "texture": "#0"},
				"west": {"uv": [1.5, 3.5, 3.5, 3], "texture": "#0"}
			}
		},
		{
			"from": [5, 3, 4],
			"to": [11, 4, 13],
			"rotation": {"angle": 0, "axis": "y", "origin": [41.25, 2, 8.5]},
			"faces": {
				"north": {"uv": [5, 2.25, 6.5, 2.5], "texture": "#0"},
				"south": {"uv": [5, 2.75, 6.5, 3], "texture": "#0"},
				"west": {"uv": [5, 2.5, 7.25, 2.75], "texture": "#0"},
				"up": {"uv": [5, 0, 6.5, 2.25], "texture": "#0"},
				"down": {"uv": [5, 0, 6.5, 2.25], "texture": "#0"}
			}
		},
		{
			"from": [5, 0, 4],
			"to": [11, 1, 13],
			"rotation": {"angle": 0, "axis": "y", "origin": [41.25, 2, 8.5]},
			"faces": {
				"north": {"uv": [5, 2.25, 6.5, 2.5], "texture": "#0"},
				"south": {"uv": [5, 2.75, 6.5, 3], "texture": "#0"},
				"west": {"uv": [5, 2.5, 7.25, 2.75], "texture": "#0"},
				"up": {"uv": [5, 0, 6.5, 2.25], "texture": "#0"},
				"down": {"uv": [5, 0, 6.5, 2.25], "texture": "#0"}
			}
		}
	],
	"display": {
		"gui": {
			"rotation": [38.72, 20.82, -15.91],
			"translation": [0.5, 5, 0]
		}
	},
	"groups": [
		{
			"name": "book",
			"origin": [26.9375, 2, 23.5],
			"color": 0,
			"children": [0, 1, 2, 3]
		}
	]
}