{
	"credit": "Made with Blockbench",
	"texture_size": [64, 64],
	"textures": {
		"0": "block/custom/chair2",
		"particle": "block/custom/chair2"
	},
	"elements": [
		{
			"from": [11, 0, 2],
			"to": [13, 9, 4],
			"rotation": {"angle": 0, "axis": "y", "origin": [7, 14, 8]},
			"faces": {
				"north": {"uv": [2, 6, 1.5, 8.25], "texture": "#0"},
				"east": {"uv": [5.25, 6, 4.75, 8.25], "texture": "#0"},
				"south": {"uv": [3, 6, 2.5, 8.25], "texture": "#0"},
				"west": {"uv": [2.5, 6, 2, 8.25], "texture": "#0"},
				"up": {"uv": [7, 7.5, 6.5, 8], "rotation": 180, "texture": "#0"},
				"down": {"uv": [8, 7, 7.5, 6.5], "rotation": 180, "texture": "#0"}
			}
		},
		{
			"from": [1, 0, 2],
			"to": [3, 9, 4],
			"rotation": {"angle": 0, "axis": "y", "origin": [7, 14, 8]},
			"faces": {
				"north": {"uv": [6.25, 3, 5.75, 5.25], "texture": "#0"},
				"east": {"uv": [1.5, 6, 1, 8.25], "texture": "#0"},
				"south": {"uv": [1, 6, 0.5, 8.25], "texture": "#0"},
				"west": {"uv": [0.5, 6, 0, 8.25], "texture": "#0"},
				"up": {"uv": [7.75, 6, 7.25, 6.5], "rotation": 180, "texture": "#0"},
				"down": {"uv": [6.5, 8, 6, 7.5], "rotation": 180, "texture": "#0"}
			}
		},
		{
			"from": [1.5, 4, 4],
			"to": [2.5, 6, 12],
			"rotation": {"angle": 0, "axis": "y", "origin": [7, 14, 8]},
			"faces": {
				"north": {"uv": [0.5, 8.25, 0.25, 8.75], "texture": "#0"},
				"east": {"uv": [8.25, 3, 6.25, 3.5], "texture": "#0"},
				"south": {"uv": [0.75, 8.25, 0.5, 8.75], "texture": "#0"},
				"west": {"uv": [7.25, 6, 5.25, 6.5], "texture": "#0"},
				"up": {"uv": [3.25, 6, 3, 8], "rotation": 180, "texture": "#0"},
				"down": {"uv": [5.5, 8.5, 5.25, 6.5], "rotation": 180, "texture": "#0"}
			}
		},
		{
			"from": [11.5, 4, 4],
			"to": [12.5, 6, 12],
			"rotation": {"angle": 0, "axis": "y", "origin": [7, 14, 8]},
			"faces": {
				"north": {"uv": [1.5, 8.25, 1.25, 8.75], "texture": "#0"},
				"east": {"uv": [8.25, 5, 6.25, 5.5], "texture": "#0"},
				"south": {"uv": [1.75, 8.25, 1.5, 8.75], "texture": "#0"},
				"west": {"uv": [8.25, 4.5, 6.25, 5], "texture": "#0"},
				"up": {"uv": [5.75, 7.5, 5.5, 9.5], "rotation": 180, "texture": "#0"},
				"down": {"uv": [6, 9.5, 5.75, 7.5], "rotation": 180, "texture": "#0"}
			}
		},
		{
			"from": [0.5, 9, 1.5],
			"to": [13.5, 11, 13.5],
			"rotation": {"angle": 0, "axis": "y", "origin": [7, 14, 8]},
			"faces": {
				"north": {"uv": [8, 5.5, 4.75, 6], "texture": "#0"},
				"east": {"uv": [8.75, 1, 5.75, 1.5], "texture": "#0"},
				"south": {"uv": [9, 0, 5.75, 0.5], "texture": "#0"},
				"west": {"uv": [8.75, 0.5, 5.75, 1], "texture": "#0"},
				"up": {"uv": [3.25, 0, 0, 3], "rotation": 180, "texture": "#0"},
				"down": {"uv": [3.25, 0, 0, 3], "rotation": 180, "texture": "#0"}
			}
		},
		{
			"from": [11, 0, 12],
			"to": [13, 22, 14],
			"rotation": {"angle": 0, "axis": "y", "origin": [7, 14, 8]},
			"faces": {
				"north": {"uv": [5.75, 0, 5.25, 5.5], "texture": "#0"},
				"east": {"uv": [4.75, 5.5, 4.25, 11], "texture": "#0"},
				"south": {"uv": [4.25, 5.5, 3.75, 11], "texture": "#0"},
				"west": {"uv": [3.75, 5.5, 3.25, 11], "texture": "#0"},
				"up": {"uv": [8, 7.5, 7.5, 8], "rotation": 180, "texture": "#0"},
				"down": {"uv": [8.25, 2, 7.75, 1.5], "rotation": 180, "texture": "#0"}
			}
		},
		{
			"from": [1, 0, 12],
			"to": [3, 22, 14],
			"rotation": {"angle": 0, "axis": "y", "origin": [7, 14, 8]},
			"faces": {
				"north": {"uv": [3.75, 0, 3.25, 5.5], "texture": "#0"},
				"east": {"uv": [5.25, 0, 4.75, 5.5], "texture": "#0"},
				"south": {"uv": [4.75, 0, 4.25, 5.5], "texture": "#0"},
				"west": {"uv": [4.25, 0, 3.75, 5.5], "texture": "#0"},
				"up": {"uv": [7.5, 7.5, 7, 8], "rotation": 180, "texture": "#0"},
				"down": {"uv": [8, 7.5, 7.5, 7], "rotation": 180, "texture": "#0"}
			}
		},
		{
			"from": [11, 22.5, 12],
			"to": [13, 24.5, 14],
			"rotation": {"angle": 0, "axis": "y", "origin": [7, 14, 8]},
			"faces": {
				"north": {"uv": [8.5, 6.5, 8, 7], "texture": "#0"},
				"east": {"uv": [8, 8, 7.5, 8.5], "texture": "#0"},
				"south": {"uv": [8.5, 7, 8, 7.5], "texture": "#0"},
				"west": {"uv": [7.5, 8, 7, 8.5], "texture": "#0"},
				"up": {"uv": [8.5, 7.5, 8, 8], "rotation": 180, "texture": "#0"},
				"down": {"uv": [8.5, 8.5, 8, 8], "rotation": 180, "texture": "#0"}
			}
		},
		{
			"from": [1, 22.5, 12],
			"to": [3, 24.5, 14],
			"rotation": {"angle": 0, "axis": "y", "origin": [7, 14, 8]},
			"faces": {
				"north": {"uv": [8.25, 2, 7.75, 2.5], "texture": "#0"},
				"east": {"uv": [8.5, 5.5, 8, 6], "texture": "#0"},
				"south": {"uv": [8.25, 6, 7.75, 6.5], "texture": "#0"},
				"west": {"uv": [8.25, 2.5, 7.75, 3], "texture": "#0"},
				"up": {"uv": [6.5, 8, 6, 8.5], "rotation": 180, "texture": "#0"},
				"down": {"uv": [7, 8.5, 6.5, 8], "rotation": 180, "texture": "#0"}
			}
		},
		{
			"from": [11.5, 22, 12.5],
			"to": [12.5, 23, 13.5],
			"rotation": {"angle": 0, "axis": "y", "origin": [7, 14, 8]},
			"faces": {
				"north": {"uv": [8.5, 2, 8.25, 2.25], "texture": "#0"},
				"east": {"uv": [2.75, 8.25, 2.5, 8.5], "texture": "#0"},
				"south": {"uv": [8.5, 2.25, 8.25, 2.5], "texture": "#0"},
				"west": {"uv": [2.5, 8.25, 2.25, 8.5], "texture": "#0"},
				"up": {"uv": [8.5, 2.5, 8.25, 2.75], "rotation": 180, "texture": "#0"},
				"down": {"uv": [3, 8.5, 2.75, 8.25], "rotation": 180, "texture": "#0"}
			}
		},
		{
			"from": [1.5, 22, 12.5],
			"to": [2.5, 23, 13.5],
			"rotation": {"angle": 0, "axis": "y", "origin": [7, 14, 8]},
			"faces": {
				"north": {"uv": [6, 5.25, 5.75, 5.5], "texture": "#0"},
				"east": {"uv": [2, 8.25, 1.75, 8.5], "texture": "#0"},
				"south": {"uv": [8.5, 1.5, 8.25, 1.75], "texture": "#0"},
				"west": {"uv": [6.25, 5.25, 6, 5.5], "texture": "#0"},
				"up": {"uv": [8.5, 1.75, 8.25, 2], "rotation": 180, "texture": "#0"},
				"down": {"uv": [2.25, 8.5, 2, 8.25], "rotation": 180, "texture": "#0"}
			}
		},
		{
			"from": [3, 13, 12.5],
			"to": [11, 15, 13.5],
			"rotation": {"angle": 0, "axis": "y", "origin": [7, 14, 8]},
			"faces": {
				"north": {"uv": [8.25, 3.5, 6.25, 4], "texture": "#0"},
				"east": {"uv": [1.25, 8.25, 1, 8.75], "texture": "#0"},
				"south": {"uv": [8.25, 4, 6.25, 4.5], "texture": "#0"},
				"west": {"uv": [1, 8.25, 0.75, 8.75], "texture": "#0"},
				"up": {"uv": [7.5, 6.5, 5.5, 6.75], "rotation": 180, "texture": "#0"},
				"down": {"uv": [7.5, 7, 5.5, 6.75], "rotation": 180, "texture": "#0"}
			}
		},
		{
			"from": [3, 18, 12.5],
			"to": [11, 21, 13.5],
			"rotation": {"angle": 0, "axis": "y", "origin": [7, 14, 8]},
			"faces": {
				"north": {"uv": [7.75, 1.5, 5.75, 2.25], "texture": "#0"},
				"east": {"uv": [0.25, 8.25, 0, 9], "texture": "#0"},
				"south": {"uv": [7.75, 2.25, 5.75, 3], "texture": "#0"},
				"west": {"uv": [3.25, 8, 3, 8.75], "texture": "#0"},
				"up": {"uv": [7.5, 7, 5.5, 7.25], "rotation": 180, "texture": "#0"},
				"down": {"uv": [7.5, 7.5, 5.5, 7.25], "rotation": 180, "texture": "#0"}
			}
		}
	],
	"display": {
		"gui": {
			"rotation": [35.53, 42.73, -1.21],
			"translation": [0, -1.25, 0],
			"scale": [0.6, 0.6, 0.6]
		}
	},
	"groups": [
		{
			"name": "chair",
			"origin": [3, 8, -3.5],
			"color": 0,
			"children": [0, 1, 2, 3, 4, 5, 6, 7, 8, 9, 10, 11, 12]
		}
	]
}