{
	"credit": "Made with Blockbench",
	"texture_size": [64, 64],
	"textures": {
		"0": "block/custom/cabinet1",
		"particle": "block/custom/cabinet1"
	},
	"elements": [
		{
			"name": "shkavchik",
			"from": [0, 0, 5],
			"to": [16, 22, 16],
			"rotation": {"angle": 0, "axis": "y", "origin": [7.5, 11, 8]},
			"faces": {
				"north": {"uv": [4, 0, 8, 5.5], "texture": "#0"},
				"east": {"uv": [7, 5.5, 9.75, 11], "texture": "#0", "cullface": "north"},
				"south": {"uv": [0, 0, 4, 5.5], "texture": "#0", "cullface": "east"},
				"west": {"uv": [8, 0, 10.75, 5.5], "texture": "#0", "cullface": "south"},
				"up": {"uv": [12.5, 9.5, 9.75, 5.5], "rotation": 90, "texture": "#0", "cullface": "up"},
				"down": {"uv": [12.5, 9.5, 9.75, 13.5], "rotation": 270, "texture": "#0", "cullface": "down"}
			}
		},
		{
			"name": "shkavchik",
			"from": [1, 1, 4],
			"to": [15, 21, 5],
			"rotation": {"angle": 0, "axis": "y", "origin": [7.5, 11, 8]},
			"faces": {
				"north": {"uv": [3.5, 5.5, 7, 10.5], "texture": "#0"},
				"east": {"uv": [0, 10.5, 0.25, 15.5], "texture": "#0"},
				"west": {"uv": [0.25, 10.5, 0.5, 15.5], "texture": "#0"},
				"up": {"uv": [0.75, 14, 0.5, 10.5], "rotation": 90, "texture": "#0", "cullface": "up"},
				"down": {"uv": [1, 10.5, 0.75, 14], "rotation": 270, "texture": "#0"}
			}
		}
	],
	"display": {
		"gui": {
			"rotation": [175.42, 16.83, 173.88],
			"translation": [-1, -2, 0],
			"scale": [0.6, 0.6, 0.6]
		}
	}
}