{
	"credit": "Made by Falanta Fantomo with Blockbench",
	"texture_size": [64, 64],
	"textures": {
		"0": "block/custom/sofa",
		"particle": "block/custom/sofa"
	},
	"elements": [
		{
			"from": [-8, 0, 0],
			"to": [8, 8, 16],
			"faces": {
				"north": {"uv": [0, 0, 4, 2], "texture": "#0"},
				"east": {"uv": [4, 5, 8, 7], "texture": "#0"},
				"south": {"uv": [0, 10, 4, 12], "texture": "#0"},
				"up": {"uv": [0, 2, 4, 6], "texture": "#0"},
				"down": {"uv": [0, 6, 4, 10], "texture": "#0"}
			}
		},
		{
			"from": [-8, 8, 12],
			"to": [8, 16, 16],
			"faces": {
				"north": {"uv": [4, 0, 8, 2], "texture": "#0"},
				"east": {"uv": [8, 0, 9, 2], "texture": "#0"},
				"south": {"uv": [4, 3, 8, 5], "texture": "#0"},
				"west": {"uv": [9, 0, 8, 2], "texture": "#0"},
				"up": {"uv": [4, 2, 8, 3], "texture": "#0"}
			}
		},
		{
			"from": [-9, 0, -1],
			"to": [-7, 12, 17],
			"faces": {
				"north": {"uv": [11.5, 0, 11, 3], "texture": "#0"},
				"east": {"uv": [16, 3, 11.5, 6], "texture": "#0"},
				"south": {"uv": [10.5, 0, 10, 3], "texture": "#0"},
				"west": {"uv": [16, 0, 11.5, 3], "texture": "#0"},
				"up": {"uv": [11, 0, 10.5, 4.5], "texture": "#0"},
				"down": {"uv": [10, 0, 9.5, 4.5], "texture": "#0"}
			}
		},
		{
			"from": [8, 0, 0],
			"to": [24, 8, 16],
			"faces": {
				"north": {"uv": [0, 0, 4, 2], "texture": "#0"},
				"south": {"uv": [0, 10, 4, 12], "texture": "#0"},
				"west": {"uv": [8, 5, 4, 7], "texture": "#0"},
				"up": {"uv": [0, 2, 4, 6], "texture": "#0"},
				"down": {"uv": [0, 6, 4, 10], "texture": "#0"}
			}
		},
		{
			"from": [8, 8, 12],
			"to": [24, 16, 16],
			"faces": {
				"north": {"uv": [4, 0, 8, 2], "texture": "#0"},
				"east": {"uv": [8, 0, 9, 2], "texture": "#0"},
				"south": {"uv": [4, 3, 8, 5], "texture": "#0"},
				"west": {"uv": [9, 0, 8, 2], "texture": "#0"},
				"up": {"uv": [4, 2, 8, 3], "texture": "#0"}
			}
		},
		{
			"from": [23, 0, -1],
			"to": [25, 12, 17],
			"rotation": {"angle": 0, "axis": "y", "origin": [16, 0, 0]},
			"faces": {
				"north": {"uv": [11, 0, 11.5, 3], "texture": "#0"},
				"east": {"uv": [11.5, 0, 16, 3], "texture": "#0"},
				"south": {"uv": [10, 0, 10.5, 3], "texture": "#0"},
				"west": {"uv": [11.5, 3, 16, 6], "texture": "#0"},
				"up": {"uv": [10.5, 0, 11, 4.5], "texture": "#0"},
				"down": {"uv": [9.5, 0, 10, 4.5], "texture": "#0"}
			}
		}
	],
	"display": {
		"thirdperson_righthand": {
			"rotation": [75, 45, 0],
			"translation": [0, 2.5, 0],
			"scale": [0.375, 0.375, 0.375]
		},
		"thirdperson_lefthand": {
			"rotation": [75, 45, 0],
			"translation": [0, 2.5, 0],
			"scale": [0.375, 0.375, 0.375]
		},
		"firstperson_righthand": {
			"rotation": [0, 45, 0],
			"scale": [0.4, 0.4, 0.4]
		},
		"firstperson_lefthand": {
			"rotation": [0, 225, 0],
			"scale": [0.4, 0.4, 0.4]
		},
		"ground": {
			"translation": [0, 3, 0],
			"scale": [0.25, 0.25, 0.25]
		},
		"gui": {
			"rotation": [30, 225, 0],
			"scale": [0.4, 0.4, 0.4]
		},
		"fixed": {
			"rotation": [-90, 0, 0],
			"translation": [-16, 0, -16],
			"scale": [2, 2, 2]
		}
	},
	"groups": [
		{
			"name": "right_end",
			"origin": [0, 0, 0],
			"color": 0,
			"nbt": "{}",
			"children": [0, 1, 2]
		},
		{
			"name": "left_end",
			"origin": [0, 0, 0],
			"color": 0,
			"nbt": "{}",
			"children": [3, 4, 5]
		}
	]
}