{
	"credit": "Made with Blockbench",
	"texture_size": [64, 64],
	"textures": {
		"0": "block/custom/chandelier",
		"particle": "block/custom/chandelier"
	},
	"elements": [
		{
			"from": [6, 27, 6],
			"to": [10, 29, 10],
			"rotation": {"angle": 0, "axis": "y", "origin": [7, 16, 1]},
			"faces": {
				"north": {"uv": [6, 4.5, 7, 5], "texture": "#0"},
				"east": {"uv": [6.5, 1.5, 7.5, 2], "texture": "#0"},
				"south": {"uv": [6.5, 2, 7.5, 2.5], "texture": "#0"},
				"west": {"uv": [6.5, 2.5, 7.5, 3], "texture": "#0"},
				"up": {"uv": [4.5, 6, 3.5, 5], "texture": "#0"},
				"down": {"uv": [6, 4.25, 5, 5.25], "texture": "#0"}
			}
		},
		{
			"from": [7, 24, 7],
			"to": [9, 27, 9],
			"rotation": {"angle": 0, "axis": "y", "origin": [7, 16, 1]},
			"faces": {
				"north": {"uv": [5.5, 3.5, 6, 4.25], "texture": "#0"},
				"east": {"uv": [7.5, 1.5, 8, 2.25], "texture": "#0"},
				"south": {"uv": [7.5, 2.25, 8, 3], "texture": "#0"},
				"west": {"uv": [3.5, 7.5, 4, 8.25], "texture": "#0"}
			}
		},
		{
			"from": [7, 6, 7],
			"to": [9, 17, 9],
			"rotation": {"angle": 0, "axis": "y", "origin": [7, 16, 1]},
			"faces": {
				"north": {"uv": [5, 1.5, 5.5, 4.25], "texture": "#0"},
				"east": {"uv": [2, 5, 2.5, 7.75], "texture": "#0"},
				"south": {"uv": [2.5, 5, 3, 7.75], "texture": "#0"},
				"west": {"uv": [3, 5, 3.5, 7.75], "texture": "#0"},
				"down": {"uv": [8, 5.5, 7.5, 6], "texture": "#0"}
			}
		},
		{
			"from": [6, 30, 0],
			"to": [10, 32, 4],
			"rotation": {"angle": 45, "axis": "y", "origin": [8, 32, 8]},
			"faces": {
				"north": {"uv": [6.5, 6.5, 7.5, 7], "texture": "#0"},
				"east": {"uv": [0, 6.75, 1, 7.25], "texture": "#0"},
				"south": {"uv": [1, 6.75, 2, 7.25], "texture": "#0"},
				"west": {"uv": [3.5, 7, 4.5, 7.5], "texture": "#0"},
				"up": {"uv": [4.5, 7, 3.5, 6], "texture": "#0"},
				"down": {"uv": [7, 3.5, 6, 4.5], "texture": "#0"}
			}
		},
		{
			"from": [6, 30, 12],
			"to": [10, 32, 16],
			"rotation": {"angle": 45, "axis": "y", "origin": [8, 32, 8]},
			"faces": {
				"north": {"uv": [7, 3.5, 8, 4], "texture": "#0"},
				"east": {"uv": [7, 4, 8, 4.5], "texture": "#0"},
				"south": {"uv": [7, 4.5, 8, 5], "texture": "#0"},
				"west": {"uv": [6.5, 7, 7.5, 7.5], "texture": "#0"},
				"up": {"uv": [5.5, 7.25, 4.5, 6.25], "texture": "#0"},
				"down": {"uv": [6.5, 6.25, 5.5, 7.25], "texture": "#0"}
			}
		},
		{
			"from": [6, 17, 6],
			"to": [10, 24, 10],
			"rotation": {"angle": 0, "axis": "y", "origin": [7, 16, 1]},
			"faces": {
				"north": {"uv": [4, 1.5, 5, 3.25], "texture": "#0"},
				"east": {"uv": [4, 3.25, 5, 5], "texture": "#0"},
				"south": {"uv": [0, 5, 1, 6.75], "texture": "#0"},
				"west": {"uv": [1, 5, 2, 6.75], "texture": "#0"},
				"up": {"uv": [5.5, 6.25, 4.5, 5.25], "texture": "#0"},
				"down": {"uv": [6.5, 1.5, 5.5, 2.5], "texture": "#0"}
			}
		},
		{
			"from": [6, 4, 6],
			"to": [10, 6, 10],
			"rotation": {"angle": 45, "axis": "y", "origin": [8, 7, 8]},
			"faces": {
				"north": {"uv": [6.5, 3, 7.5, 3.5], "texture": "#0"},
				"east": {"uv": [6.5, 5, 7.5, 5.5], "texture": "#0"},
				"south": {"uv": [6.5, 5.5, 7.5, 6], "texture": "#0"},
				"west": {"uv": [6.5, 6, 7.5, 6.5], "texture": "#0"},
				"up": {"uv": [6.5, 3.5, 5.5, 2.5], "texture": "#0"},
				"down": {"uv": [6.5, 5.25, 5.5, 6.25], "texture": "#0"}
			}
		},
		{
			"from": [7, 0, 13],
			"to": [9, 1, 17],
			"rotation": {"angle": 45, "axis": "y", "origin": [8, 7, 8]},
			"faces": {
				"north": {"uv": [6.75, 6, 7.25, 6.25], "rotation": 180, "texture": "#0"},
				"east": {"uv": [6.5, 6, 7.5, 6.25], "texture": "#0"},
				"south": {"uv": [6.75, 6, 7.25, 6.25], "texture": "#0"},
				"west": {"uv": [6.5, 6, 7.5, 6.25], "texture": "#0"},
				"up": {"uv": [6.5, 6, 7.5, 6.5], "rotation": 90, "texture": "#0"},
				"down": {"uv": [6.5, 6, 7.5, 6.25], "texture": "#0"}
			}
		},
		{
			"from": [7, 0, -1],
			"to": [9, 1, 3],
			"rotation": {"angle": 45, "axis": "y", "origin": [8, 7, 8]},
			"faces": {
				"north": {"uv": [6.75, 6, 7.25, 6.25], "texture": "#0"},
				"east": {"uv": [6.5, 6, 7.5, 6.25], "texture": "#0"},
				"south": {"uv": [6.75, 6, 7.25, 6.25], "rotation": 180, "texture": "#0"},
				"west": {"uv": [6.5, 6, 7.5, 6.25], "texture": "#0"},
				"up": {"uv": [7.5, 6.5, 6.5, 6], "rotation": 90, "texture": "#0"},
				"down": {"uv": [7.5, 6.25, 6.5, 6], "texture": "#0"}
			}
		},
		{
			"from": [7, 0, -1],
			"to": [9, 1, 3],
			"rotation": {"angle": -45, "axis": "y", "origin": [8, 7, 8]},
			"faces": {
				"north": {"uv": [7.25, 6, 6.75, 6.25], "texture": "#0"},
				"east": {"uv": [7.5, 6, 6.5, 6.25], "texture": "#0"},
				"south": {"uv": [7.25, 6, 6.75, 6.25], "rotation": 180, "texture": "#0"},
				"west": {"uv": [7.5, 6, 6.5, 6.25], "texture": "#0"},
				"up": {"uv": [7.5, 6, 6.5, 6.5], "rotation": 90, "texture": "#0"},
				"down": {"uv": [6.5, 6.25, 7.5, 6], "texture": "#0"}
			}
		},
		{
			"from": [7, 0, 13],
			"to": [9, 1, 17],
			"rotation": {"angle": -45, "axis": "y", "origin": [8, 7, 8]},
			"faces": {
				"north": {"uv": [7.25, 6, 6.75, 6.25], "rotation": 180, "texture": "#0"},
				"east": {"uv": [7.5, 6, 6.5, 6.25], "texture": "#0"},
				"south": {"uv": [7.25, 6, 6.75, 6.25], "texture": "#0"},
				"west": {"uv": [7.5, 6, 6.5, 6.25], "texture": "#0"},
				"up": {"uv": [6.5, 6.5, 7.5, 6], "rotation": 90, "texture": "#0"},
				"down": {"uv": [7.5, 6, 6.5, 6.25], "texture": "#0"}
			}
		},
		{
			"from": [8, 0, 0],
			"to": [8, 6, 16],
			"rotation": {"angle": 45, "axis": "y", "origin": [8, 3, 8]},
			"faces": {
				"east": {"uv": [8, 0, 4, 1.5], "texture": "#0"},
				"west": {"uv": [4, 0, 8, 1.5], "texture": "#0"}
			}
		},
		{
			"from": [8, 25, 0],
			"to": [8, 32, 16],
			"rotation": {"angle": 45, "axis": "y", "origin": [8, 3, 8]},
			"faces": {
				"east": {"uv": [4, 1.75, 0, 3.5], "texture": "#0"},
				"west": {"uv": [0, 1.75, 4, 3.5], "texture": "#0"}
			}
		},
		{
			"from": [8, 25, 0],
			"to": [8, 32, 16],
			"rotation": {"angle": -45, "axis": "y", "origin": [8, 3, 8]},
			"faces": {
				"east": {"uv": [4, 1.75, 0, 3.5], "texture": "#0"},
				"west": {"uv": [0, 1.75, 4, 3.5], "texture": "#0"}
			}
		},
		{
			"from": [8, 0, 0],
			"to": [8, 6, 16],
			"rotation": {"angle": -45, "axis": "y", "origin": [8, 3, 8]},
			"faces": {
				"east": {"uv": [8, 0, 4, 1.5], "texture": "#0"},
				"west": {"uv": [4, 0, 8, 1.5], "texture": "#0"}
			}
		},
		{
			"from": [6, 30, 12],
			"to": [10, 32, 16],
			"rotation": {"angle": -45, "axis": "y", "origin": [8, 32, 8]},
			"faces": {
				"north": {"uv": [8, 3.5, 7, 4], "texture": "#0"},
				"east": {"uv": [7.5, 7, 6.5, 7.5], "texture": "#0"},
				"south": {"uv": [8, 4.5, 7, 5], "texture": "#0"},
				"west": {"uv": [8, 4, 7, 4.5], "texture": "#0"},
				"up": {"uv": [4.5, 7.25, 5.5, 6.25], "texture": "#0"},
				"down": {"uv": [5.5, 6.25, 6.5, 7.25], "texture": "#0"}
			}
		},
		{
			"from": [6, 30, 0],
			"to": [10, 32, 4],
			"rotation": {"angle": -45, "axis": "y", "origin": [8, 32, 8]},
			"faces": {
				"north": {"uv": [7.5, 6.5, 6.5, 7], "texture": "#0"},
				"east": {"uv": [4.5, 7, 3.5, 7.5], "texture": "#0"},
				"south": {"uv": [2, 6.75, 1, 7.25], "texture": "#0"},
				"west": {"uv": [1, 6.75, 0, 7.25], "texture": "#0"},
				"up": {"uv": [3.5, 7, 4.5, 6], "texture": "#0"},
				"down": {"uv": [6, 3.5, 7, 4.5], "texture": "#0"}
			}
		}
	],
	"display": {
		"gui": {
			"rotation": [4.95, -12.39, -8.28],
			"translation": [0, -4, 0],
			"scale": [0.49, 0.49, 0.49]
		}
	},
	"groups": [
		{
			"name": "stick",
			"origin": [0, 32, 0],
			"color": 0,
			"children": [0, 1, 2, 3, 4, 5, 6, 7, 8, 9, 10, 11, 12, 13, 14, 15, 16]
		}
	]
}