{
	"credit": "Made by Falanta Fantomo with Blockbench",
	"texture_size": [64, 64],
	"textures": {
		"0": "block/custom/suitcase",
		"particle": "block/custom/suitcase"
	},
	"elements": [
		{
			"from": [2, 0, 4],
			"to": [14, 4, 12],
			"rotation": {"angle": 0, "axis": "y", "origin": [5.5, 8, 8]},
			"faces": {
				"north": {"uv": [10, 4, 16, 6], "rotation": 180, "texture": "#0"},
				"east": {"uv": [8, 4, 10, 0], "rotation": 270, "texture": "#0"},
				"south": {"uv": [10, 6, 16, 8], "rotation": 180, "texture": "#0"},
				"west": {"uv": [8, 0, 10, 4], "rotation": 270, "texture": "#0"},
				"up": {"uv": [10, 0, 16, 4], "texture": "#0"},
				"down": {"uv": [10, 0, 16, 4], "rotation": 180, "texture": "#0"}
			}
		},
		{
			"from": [6, 2, 2],
			"to": [10, 2, 4],
			"rotation": {"angle": 0, "axis": "y", "origin": [5.5, 8, 8]},
			"faces": {
				"up": {"uv": [2, 0, 0, 1], "texture": "#0"},
				"down": {"uv": [0, 0, 2, 1], "rotation": 180, "texture": "#0"}
			}
		},
		{
			"from": [3.5, 1, 3.75],
			"to": [12.5, 3, 3.75],
			"rotation": {"angle": 0, "axis": "y", "origin": [5.5, 8, 8]},
			"faces": {
				"north": {"uv": [11.5, 8, 16, 9], "texture": "#0"},
				"south": {"uv": [16, 8, 11.5, 9], "texture": "#0"}
			}
		}
	],
	"display": {
		"thirdperson_righthand": {
			"rotation": [0, 180, 90],
			"translation": [0, -2, -4.5]
		},
		"thirdperson_lefthand": {
			"rotation": [0, 180, 90],
			"translation": [0, -2, -4.5]
		},
		"firstperson_righthand": {
			"rotation": [90, 0, 90],
			"translation": [4, -7, -6]
		},
		"firstperson_lefthand": {
			"rotation": [90, 0, 90],
			"translation": [4, -7, -6]
		},
		"ground": {
			"translation": [0, 3, 0],
			"scale": [0.25, 0.25, 0.25]
		},
		"gui": {
			"rotation": [105, 0, -40],
			"translation": [0, -0.5, 0]
		},
		"fixed": {
			"translation": [0, 0, -8],
			"scale": [2, 2, 2]
		}
	},
	"groups": [
		{
			"name": "suitcase",
			"origin": [0, 1.5, 0],
			"color": 0,
			"children": [0, 1, 2]
		}
	]
}