{
	"credit": "Made by Falanta Fantomo with Blockbench",
	"textures": {
		"0": "block/stone_bricks",
		"particle": "block/stone_bricks"
	},
	"elements": [
		{
			"from": [-1, 0, 1],
			"to": [3, 1, 15],
			"rotation": {"angle": -22.5, "axis": "y", "origin": [1, 0.5, 8]},
			"faces": {
				"north": {"uv": [2, 0, 0, 0.5], "texture": "#0"},
				"east": {"uv": [1.5, 0, 2, 7], "rotation": 90, "texture": "#0"},
				"south": {"uv": [0, 6.5, 2, 7], "texture": "#0"},
				"west": {"uv": [0, 7, 0.5, 0], "rotation": 90, "texture": "#0"},
				"up": {"uv": [0, 0, 2, 7], "texture": "#0"},
				"down": {"uv": [0, 7, 2, 0], "texture": "#0"}
			}
		},
		{
			"from": [-1, 1, 6],
			"to": [7, 2, 10],
			"rotation": {"angle": -22.5, "axis": "z", "origin": [3, 1.5, 8]},
			"faces": {
				"north": {"uv": [2, 4, 2.5, 0], "rotation": 90, "texture": "#0"},
				"east": {"uv": [4, 0, 2, 0.5], "texture": "#0"},
				"south": {"uv": [3.5, 0, 4, 4], "rotation": 90, "texture": "#0"},
				"west": {"uv": [2, 3.5, 4, 4], "texture": "#0"},
				"up": {"uv": [2, 0, 4, 4], "rotation": 90, "texture": "#0"},
				"down": {"uv": [4, 0, 2, 4], "rotation": 90, "texture": "#0"}
			}
		},
		{
			"from": [13, 0, 6],
			"to": [16, 1, 16],
			"rotation": {"angle": 45, "axis": "y", "origin": [14.5, 0.5, 11]},
			"faces": {
				"north": {"uv": [5, 0, 7, 1], "texture": "#0"},
				"east": {"uv": [5, 0, 5.5, 5], "rotation": 90, "texture": "#0"},
				"south": {"uv": [4, 4.5, 5.5, 5], "texture": "#0"},
				"west": {"uv": [4, 0, 4.5, 5], "rotation": 90, "texture": "#0"},
				"up": {"uv": [4, 0, 6, 5], "texture": "#0"},
				"down": {"uv": [4, 0, 6, 5], "texture": "#0"}
			}
		},
		{
			"from": [11, 0, 5],
			"to": [19, 1, 7],
			"rotation": {"angle": -22.5, "axis": "y", "origin": [15, 0.5, 6]},
			"faces": {
				"north": {"uv": [6, 0, 6.5, 4], "rotation": 90, "texture": "#0"},
				"east": {"uv": [5.5, 3.5, 6.5, 4], "texture": "#0"},
				"south": {"uv": [5.5, 4, 6, 0], "rotation": 90, "texture": "#0"},
				"west": {"uv": [6.5, 0, 5.5, 0.5], "texture": "#0"},
				"up": {"uv": [7, 0, 8, 4], "rotation": 270, "texture": "#0"},
				"down": {"uv": [5.5, 4, 6.5, 0], "rotation": 90, "texture": "#0"}
			}
		}
	],
	"display": {
		"gui": {
			"rotation": [36.75, -1, 0.74],
			"translation": [0.25, 2, 0],
			"scale": [0.7, 0.7, 0.7]
		}
	}
}