{
	"credit": "Made by Falanta Fantomo with Blockbench",
	"texture_size": [128, 128],
	"textures": {
		"particle": "block/custom/window"
	},
	"elements": [
		{
			"from": [0, -16, 0],
			"to": [32, -14, 16],
			"rotation": {"angle": 0, "axis": "y", "origin": [16, 8, 8]},
			"faces": {
				"north": {"uv": [12, 15.75, 16, 16], "texture": "#particle"},
				"east": {"uv": [12, 15.75, 14, 16], "texture": "#particle"},
				"south": {"uv": [16, 15.75, 12, 16], "texture": "#particle"},
				"west": {"uv": [14, 15.75, 16, 16], "texture": "#particle"},
				"up": {"uv": [0, 12, 2, 16], "rotation": 90, "texture": "#particle"},
				"down": {"uv": [16, 14, 12, 16], "texture": "#particle"}
			}
		},
		{
			"from": [2, -14, 7],
			"to": [30, 30, 9],
			"rotation": {"angle": 0, "axis": "y", "origin": [16, 8, 8]},
			"faces": {
				"north": {"uv": [0, 0, 3.5, 5.5], "texture": "#particle"},
				"south": {"uv": [3.5, 0, 0, 5.5], "texture": "#particle"}
			}
		},
		{
			"from": [2, -14, 6],
			"to": [30, 30, 10],
			"rotation": {"angle": 0, "axis": "y", "origin": [16, 8, 8]},
			"faces": {
				"north": {"uv": [3.5, 0, 7, 5.5], "texture": "#particle"},
				"south": {"uv": [7, 0, 3.5, 5.5], "texture": "#particle"}
			}
		},
		{
			"from": [0, 30, 0],
			"to": [32, 32, 16],
			"rotation": {"angle": 0, "axis": "y", "origin": [16, 8, 8]},
			"faces": {
				"north": {"uv": [12, 10, 16, 10.25], "texture": "#particle"},
				"east": {"uv": [12, 10, 14, 10.25], "texture": "#particle"},
				"south": {"uv": [16, 10, 12, 10.25], "texture": "#particle"},
				"west": {"uv": [14, 10, 16, 10.25], "texture": "#particle"},
				"up": {"uv": [16, 10, 12, 12], "texture": "#particle"},
				"down": {"uv": [0, 11.125, 2, 15.125], "rotation": 90, "texture": "#particle"}
			}
		},
		{
			"from": [0, -14, 0],
			"to": [2, 30, 16],
			"rotation": {"angle": 0, "axis": "y", "origin": [16, 8, 8]},
			"faces": {
				"north": {"uv": [15.75, 10.25, 16, 15.75], "texture": "#particle"},
				"east": {"uv": [0, 10.25, 2, 15.75], "texture": "#particle"},
				"south": {"uv": [16, 10.25, 15.75, 15.75], "texture": "#particle"},
				"west": {"uv": [14, 10.25, 16, 15.75], "texture": "#particle"}
			}
		},
		{
			"from": [30, -14, 0],
			"to": [32, 30, 16],
			"rotation": {"angle": 0, "axis": "y", "origin": [16, 8, 8]},
			"faces": {
				"north": {"uv": [12, 10.25, 12.25, 15.75], "texture": "#particle"},
				"east": {"uv": [12, 10.25, 14, 15.75], "texture": "#particle"},
				"south": {"uv": [12.25, 10.25, 12, 15.75], "texture": "#particle"},
				"west": {"uv": [0, 10.25, 2, 15.75], "texture": "#particle"}
			}
		},
		{
			"from": [0, 19, 0.01],
			"to": [2, 29, 15.99],
			"rotation": {"angle": -22.5, "axis": "z", "origin": [2, 19, 8]},
			"faces": {
				"north": {"uv": [16, 8.625, 15.75, 10], "texture": "#particle"},
				"east": {"uv": [0, 10.375, 2, 11.625], "texture": "#particle"},
				"south": {"uv": [15.75, 8.625, 16, 10], "texture": "#particle"}
			}
		},
		{
			"from": [2, 24, 0],
			"to": [4, 28, 16],
			"rotation": {"angle": 0, "axis": "y", "origin": [16, 8, 8]},
			"faces": {
				"north": {"uv": [15.5, 10.5, 15.75, 11], "texture": "#particle"},
				"south": {"uv": [15.75, 10.5, 15.5, 11], "texture": "#particle"}
			}
		},
		{
			"from": [2, 28, 0],
			"to": [8, 30, 16],
			"rotation": {"angle": 0, "axis": "y", "origin": [16, 8, 8]},
			"faces": {
				"north": {"uv": [15, 10.25, 15.75, 10.5], "texture": "#particle"},
				"south": {"uv": [15.75, 10.25, 15, 10.5], "texture": "#particle"}
			}
		},
		{
			"from": [3, 30, 0.02],
			"to": [13, 32, 15.98],
			"rotation": {"angle": 22.5, "axis": "z", "origin": [13, 30, 8]},
			"faces": {
				"north": {"uv": [15.5, 8.625, 15.75, 10], "rotation": 90, "texture": "#particle"},
				"south": {"uv": [15.5, 10, 15.75, 8.625], "rotation": 90, "texture": "#particle"},
				"down": {"uv": [0, 9.5, 2, 10.75], "rotation": 90, "texture": "#particle"}
			}
		},
		{
			"from": [30, 19, 0.01],
			"to": [32, 29, 15.99],
			"rotation": {"angle": 22.5, "axis": "z", "origin": [30, 19, 8]},
			"faces": {
				"north": {"uv": [15.75, 8.625, 16, 10], "texture": "#particle"},
				"south": {"uv": [16, 8.625, 15.75, 10], "texture": "#particle"},
				"west": {"uv": [2, 10.375, 0, 11.625], "texture": "#particle"}
			}
		},
		{
			"from": [28, 24, 0],
			"to": [30, 28, 16],
			"rotation": {"angle": 0, "axis": "y", "origin": [16, 8, 8]},
			"faces": {
				"north": {"uv": [15.75, 10.5, 15.5, 11], "texture": "#particle"},
				"south": {"uv": [15.5, 10.5, 15.75, 11], "texture": "#particle"}
			}
		},
		{
			"from": [24, 28, 0],
			"to": [30, 30, 16],
			"rotation": {"angle": 0, "axis": "y", "origin": [16, 8, 8]},
			"faces": {
				"north": {"uv": [15.75, 10.25, 15, 10.5], "texture": "#particle"},
				"south": {"uv": [15, 10.25, 15.75, 10.5], "texture": "#particle"}
			}
		},
		{
			"from": [19, 30, 0.02],
			"to": [29, 32, 15.98],
			"rotation": {"angle": -22.5, "axis": "z", "origin": [19, 30, 8]},
			"faces": {
				"north": {"uv": [15.5, 10, 15.75, 8.625], "rotation": 90, "texture": "#particle"},
				"south": {"uv": [15.5, 8.625, 15.75, 10], "rotation": 90, "texture": "#particle"},
				"down": {"uv": [0, 10.75, 2, 9.5], "rotation": 90, "texture": "#particle"}
			}
		}
	],
	"display": {
		"thirdperson_righthand": {
			"rotation": [75, 45, 0],
			"translation": [0, 2.5, 0],
			"scale": [0.375, 0.375, 0.375]
		},
		"thirdperson_lefthand": {
			"rotation": [75, 45, 0],
			"translation": [0, 2.5, 0],
			"scale": [0.375, 0.375, 0.375]
		},
		"firstperson_righthand": {
			"rotation": [0, 45, 0],
			"scale": [0.4, 0.4, 0.4]
		},
		"firstperson_lefthand": {
			"rotation": [0, 225, 0],
			"scale": [0.4, 0.4, 0.4]
		},
		"ground": {
			"translation": [0, 3, 0],
			"scale": [0.25, 0.25, 0.25]
		},
		"gui": {
			"rotation": [30, 225, 0],
			"scale": [0.25, 0.25, 0.25]
		},
		"fixed": {
			"translation": [-16, 32, -16],
			"scale": [2, 2, 2]
		}
	},
	"groups": [
		0,
		1,
		2,
		3,
		4,
		5,
		{
			"name": "corner",
			"origin": [5, 30, 8],
			"color": 0,
			"nbt": "{}",
			"children": [6, 7, 8, 9]
		},
		{
			"name": "corner",
			"origin": [5, 30, 8],
			"color": 0,
			"nbt": "{}",
			"children": [10, 11, 12, 13]
		}
	]
}