{
	"parent": "item/generated",
	"textures": {
		"layer0": "minecraft:item/black_dye"
	},
	"overrides": [
		{
			"predicate": {
				"custom_model_data": 1
			},
			"model": "item/animated_java_empty"
		},
		{
			"predicate": {
				"custom_model_data": 2
			},
			"model": "minecraft:item/aj/player/head"
		},
		{
			"predicate": {
				"custom_model_data": 3
			},
			"model": "minecraft:item/aj/player/rightarm"
		},
		{
			"predicate": {
				"custom_model_data": 4
			},
			"model": "minecraft:item/aj/player/leftarm"
		},
		{
			"predicate": {
				"custom_model_data": 5
			},
			"model": "minecraft:item/aj/player/rightleg"
		},
		{
			"predicate": {
				"custom_model_data": 6
			},
			"model": "minecraft:item/aj/player/leftleg"
		},
		{
			"predicate": {
				"custom_model_data": 7
			},
			"model": "minecraft:item/aj/player/body"
		}
	],
	"animated_java": {
		"rigs": {
			"player_animation": {
				"used_ids": [
					2,
					3,
					4,
					5,
					6,
					7
				]
			}
		}
	}
}