{
	"parent": "item/generated",
	"textures": {
		"layer0": "item/potion"
	},
	"overrides": [

		{ "predicate": { "custom_model_data": 1 }, "model": "item/anim/1"},
		{ "predicate": { "custom_model_data": 2 }, "model": "item/anim/2"},
		{ "predicate": { "custom_model_data": 3 }, "model": "item/anim/lamp"},
		{ "predicate": { "custom_model_data": 4 }, "model": "item/anim/3"},
		{ "predicate": { "custom_model_data": 5 }, "model": "item/anim/4"},
		{ "predicate": { "custom_model_data": 6 }, "model": "item/anim/5"},
		{ "predicate": { "custom_model_data": 7 }, "model": "item/obj/skeleton_skrimer"}


	]
}