{
	"parent": "item/generated",
	"textures": {
		"layer0": "item/red_dye"
	},
	"overrides": [

		{ "predicate": { "custom_model_data": 1 }, "model": "item/obj/lampa"},
		{ "predicate": { "custom_model_data": 2 }, "model": "item/obj/ghost_tages"},
		{ "predicate": { "custom_model_data": 3 }, "model": "item/obj/cargo"},
		{ "predicate": { "custom_model_data": 4 }, "model": "item/obj/car_avar"},
		{ "predicate": { "custom_model_data": 5 }, "model": "item/obj/car_stay"},
		{ "predicate": { "custom_model_data": 6 }, "model": "item/obj/cultists"},
		{ "predicate": { "custom_model_data": 7 }, "model": "item/obj/stay"},
		{ "predicate": { "custom_model_data": 8 }, "model": "item/obj/run"},
		{ "predicate": { "custom_model_data": 9 }, "model": "item/obj/stay_lamp"},
		{ "predicate": { "custom_model_data": 10 }, "model": "item/obj/run_lamp"},
		{ "predicate": { "custom_model_data": 11 }, "model": "item/obj/trup"},
		{ "predicate": { "custom_model_data": 12 }, "model": "item/obj/skeleton_stay"},
		{ "predicate": { "custom_model_data": 13 }, "model": "item/obj/skeleton_run"},
		{ "predicate": { "custom_model_data": 14 }, "model": "item/obj/skeleton_skrimer"},
		{ "predicate": { "custom_model_data": 15 }, "model": "item/obj/tages2"},
		{ "predicate": { "custom_model_data": 16 }, "model": "item/obj/tages"},
		{ "predicate": { "custom_model_data": 17 }, "model": "item/obj/tages3"}


	]
}