{
	"credit": "Made with Blockbench",
	"textures": {
		"0": "block/custom/tages_ss",
		"particle": "block/custom/tages_ss"
	},
	"elements": [
		{
			"from": [-11, -11, 0],
			"to": [27, 27, 0.1],
			"faces": {
				"north": {"uv": [0, 0, 16, 16], "texture": "#0"},
				"east": {"uv": [0, 0, 0.1, 16], "texture": "#0"},
				"south": {"uv": [0, 0, 16, 16], "texture": "#0"},
				"west": {"uv": [0, 0, 0.1, 16], "texture": "#0"},
				"up": {"uv": [0, 0, 16, 0.1], "texture": "#0"},
				"down": {"uv": [0, 0, 16, 0.1], "texture": "#0"}
			}
		}
	]
}