{
	"parent": "item/generated",
	"textures": {
		"layer0": "item/white_dye"
	},
	"overrides": [

		{ "predicate": { "custom_model_data": 871 }, "model": "item/block/bedside_table"},
		{ "predicate": { "custom_model_data": 872 }, "model": "item/block/bottle"},
		{ "predicate": { "custom_model_data": 873 }, "model": "item/block/box"},
		{ "predicate": { "custom_model_data": 874 }, "model": "item/block/chair"},
		{ "predicate": { "custom_model_data": 875 }, "model": "item/block/closet"},
		{ "predicate": { "custom_model_data": 876 }, "model": "item/block/flower"},
		{ "predicate": { "custom_model_data": 877 }, "model": "item/block/fridge"},
		{ "predicate": { "custom_model_data": 878 }, "model": "item/block/guitar"},
		{ "predicate": { "custom_model_data": 879 }, "model": "item/block/painting_1"},
		{ "predicate": { "custom_model_data": 8710 }, "model": "item/block/painting_2"},
		{ "predicate": { "custom_model_data": 8711 }, "model": "item/block/painting_3"},
		{ "predicate": { "custom_model_data": 8712 }, "model": "item/block/painting_4"},
		{ "predicate": { "custom_model_data": 8713 }, "model": "item/block/painting_5"},
		{ "predicate": { "custom_model_data": 8714 }, "model": "item/block/patiphone"},
		{ "predicate": { "custom_model_data": 8715 }, "model": "item/block/radio"},
		{ "predicate": { "custom_model_data": 8716 }, "model": "item/block/sofa1"},
		{ "predicate": { "custom_model_data": 8717 }, "model": "item/block/sofa2"},
		{ "predicate": { "custom_model_data": 8718 }, "model": "item/block/sofa3"},
		{ "predicate": { "custom_model_data": 8719 }, "model": "item/block/suitcase"},
		{ "predicate": { "custom_model_data": 8720 }, "model": "item/block/trash_1"},
		{ "predicate": { "custom_model_data": 8721 }, "model": "item/block/trash_2"},
		{ "predicate": { "custom_model_data": 8722 }, "model": "item/block/papper"},
		{ "predicate": { "custom_model_data": 8723 }, "model": "item/block/many_papper"},
		{ "predicate": { "custom_model_data": 8724 }, "model": "item/block/red_book"},
		{ "predicate": { "custom_model_data": 8725 }, "model": "item/block/green_book"},
		{ "predicate": { "custom_model_data": 8726 }, "model": "item/block/parta"},
		{ "predicate": { "custom_model_data": 8727 }, "model": "item/block/bed"},

		{ "predicate": { "custom_model_data": 10001 }, "model": "item/block/window"},
		{ "predicate": { "custom_model_data": 10002 }, "model": "item/block/board"},
		{ "predicate": { "custom_model_data": 10003 }, "model": "item/block/chility"},
		{ "predicate": { "custom_model_data": 10004 }, "model": "item/block/globuse"},
		{ "predicate": { "custom_model_data": 10005 }, "model": "item/block/stick"},
		{ "predicate": { "custom_model_data": 10006 }, "model": "item/block/chemodan"},
		{ "predicate": { "custom_model_data": 10007 }, "model": "item/block/radio2"},
		{ "predicate": { "custom_model_data": 10008 }, "model": "item/block/richar2"},
		{ "predicate": { "custom_model_data": 10009 }, "model": "item/block/planks"},
		{ "predicate": { "custom_model_data": 10010 }, "model": "item/block/book"},
		{ "predicate": { "custom_model_data": 10011 }, "model": "item/block/shkaf"},
		{ "predicate": { "custom_model_data": 10012 }, "model": "item/block/vaza"},
		{ "predicate": { "custom_model_data": 10013 }, "model": "item/block/dirt1"},
		{ "predicate": { "custom_model_data": 10014 }, "model": "item/block/dirt2"},
		{ "predicate": { "custom_model_data": 10015 }, "model": "item/discord"},
		{ "predicate": { "custom_model_data": 10016 }, "model": "item/boosty"},
		{ "predicate": { "custom_model_data": 10017 }, "model": "item/tages_ss"},
		{ "predicate": { "custom_model_data": 10018 }, "model": "item/custom/lamp"},
		{ "predicate": { "custom_model_data": 10019 }, "model": "item/custom/door"},
		{ "predicate": { "custom_model_data": 10020 }, "model": "item/custom/cart_detector"},
		{ "predicate": { "custom_model_data": 10021 }, "model": "item/custom/cart"},
		{ "predicate": { "custom_model_data": 10022 }, "model": "item/custom/cart_red"},
		{ "predicate": { "custom_model_data": 10023 }, "model": "item/custom/cart_black"},
		{ "predicate": { "custom_model_data": 10024 }, "model": "item/custom/retual"},
		{ "predicate": { "custom_model_data": 10025 }, "model": "item/custom/artifakt1"},
		{ "predicate": { "custom_model_data": 10026 }, "model": "item/custom/artifakt2"},
		{ "predicate": { "custom_model_data": 10027 }, "model": "item/custom/artifakt3"},
		{ "predicate": { "custom_model_data": 10028 }, "model": "item/custom/artifakt4"},
		{ "predicate": { "custom_model_data": 10029 }, "model": "item/custom/artifakt5"},
		{ "predicate": { "custom_model_data": 10030 }, "model": "item/custom/beta"},
		{ "predicate": { "custom_model_data": 10031 }, "model": "item/custom/map"}


	]
}